customer_id,order_id,customer_age,customer_region,customer_tenure_months,order_value,items_quantity,discount_value,payment_installments,delivery_time_days,delivery_delay_days,freight_value,delivery_attempts,customer_service_contacts,resolution_time_days,complaints_count,detractor_probability,risk_band
1437,51437,43,Sudeste,33,560.69,4,60.52,6,4,7,70.98,3,2,7,8,0.9998391214521349,Critico
329,50329,48,Centro-Oeste,31,294.92,4,5.7,11,12,6,51.43,1,4,6,9,0.9998197444777808,Critico
2356,52356,54,Sul,13,716.05,1,11.77,7,11,6,63.44,3,5,1,10,0.9997206622225105,Critico
462,50462,57,Sul,48,222.5,3,48.65,6,9,5,48.83,2,6,3,10,0.9996187420774869,Critico
1423,51423,51,Centro-Oeste,40,369.2,4,21.99,6,7,6,41.88,3,3,7,8,0.9995885662109686,Critico
1763,51763,47,Sul,115,522.64,6,2.87,2,3,7,45.93,1,2,10,6,0.9995538039854343,Critico
1558,51558,43,Nordeste,74,72.55,5,3.81,11,8,5,22.71,3,4,8,9,0.9995451470409623,Critico
767,50767,46,Norte,84,139.76,5,9.24,11,6,5,45.37,2,4,10,8,0.999449388284845,Critico
955,50955,45,Sudeste,15,174.88,3,15.02,9,10,8,40.97,1,2,8,5,0.9994131684811195,Critico
596,50596,39,Sul,35,544.91,1,17.71,8,11,5,60.58,3,4,6,9,0.9993824046457409,Critico
1644,51644,29,Sul,1,846.57,2,23.25,9,5,6,37.5,3,3,7,8,0.9992820233648247,Critico
1511,51511,51,Norte,113,217.88,6,63.54,2,11,5,46.34,1,2,6,8,0.9992811034471174,Critico
371,50371,55,Sudeste,8,136.63,6,10.21,10,13,7,39.27,1,2,7,6,0.999200255481834,Critico
1584,51584,56,Norte,96,738.19,6,34.16,2,8,5,25.67,3,3,9,8,0.9990601609857519,Critico
773,50773,21,Norte,89,542.58,1,3.45,5,14,8,42.85,3,1,8,4,0.9987478954172625,Critico
665,50665,49,Centro-Oeste,116,626.83,3,15.11,10,9,5,50.74,2,2,10,7,0.9987233152623344,Critico
1861,51861,36,Norte,7,859.15,2,67.46,5,5,3,32.79,2,6,10,10,0.9987072592750115,Critico
466,50466,20,Sudeste,2,165.13,2,9.41,4,11,6,29.83,3,3,6,7,0.9986465941527831,Critico
849,50849,62,Sul,71,441.62,6,4.1,7,11,5,17.16,1,3,11,7,0.9985123996365525,Critico
442,50442,38,Centro-Oeste,66,37.84,2,74.94,9,10,3,37.44,3,5,0,11,0.9984303845736465,Critico
1826,51826,54,Centro-Oeste,1,206.34,1,57.21,7,14,5,11.93,3,3,10,7,0.9983773505400179,Critico
1318,51318,42,Sudeste,119,487.05,1,2.02,6,3,6,33.21,3,2,9,6,0.9981610240323209,Critico
542,50542,26,Norte,73,374.93,3,54.23,1,7,5,37.95,1,1,11,6,0.9979755188450325,Critico
969,50969,38,Centro-Oeste,70,449.7,1,62.82,4,10,4,27.9,3,4,9,8,0.9979719798937166,Critico
169,50169,24,Nordeste,76,597.96,6,59.9,3,13,2,16.93,1,4,11,10,0.9978685156551125,Critico
1944,51944,63,Sul,81,430.53,1,35.25,10,11,7,42.29,1,1,10,4,0.9978506993407741,Critico
1046,51046,54,Centro-Oeste,7,160.92,1,14.39,11,5,7,51.92,3,1,5,5,0.9977947704714971,Critico
819,50819,40,Norte,22,540.24,3,50.89,2,13,3,62.74,2,4,3,10,0.9977663926234986,Critico
957,50957,62,Nordeste,7,323.25,3,12.78,4,12,4,47.3,2,3,8,8,0.997764888502414,Critico
135,50135,53,Sudeste,34,233.13,1,2.43,6,11,5,30.7,3,1,8,7,0.9977340410559082,Critico
57,50057,36,Centro-Oeste,109,285.91,4,82.01,3,5,1,34.0,1,7,9,11,0.9975902458075173,Critico
2138,52138,33,Nordeste,46,286.08,5,29.58,4,10,7,56.05,3,1,4,5,0.9974899704872082,Critico
380,50380,54,Sul,62,367.95,2,42.89,6,12,5,28.55,1,3,11,6,0.9972821672957292,Critico
1002,51002,58,Norte,106,198.12,6,28.95,2,14,3,55.7,1,2,9,8,0.9972000948632533,Critico
769,50769,45,Norte,75,482.15,2,37.46,4,12,5,21.47,2,4,6,7,0.9969729325592541,Critico
1841,51841,20,Norte,64,214.06,3,29.29,10,2,4,32.05,2,3,11,7,0.9968645224302656,Critico
928,50928,49,Sudeste,103,623.62,2,57.31,1,13,5,49.87,3,2,10,6,0.9968065061516087,Critico
2051,52051,42,Nordeste,93,80.39,6,16.11,4,6,6,47.56,1,2,7,5,0.9967342380807966,Critico
2216,52216,41,Centro-Oeste,80,244.92,6,0.38,2,7,5,48.26,2,2,8,6,0.9965628021093582,Critico
1811,51811,54,Nordeste,97,839.1,4,77.66,5,12,5,30.42,2,4,6,7,0.9965279918652561,Critico
1598,51598,50,Norte,118,316.61,4,39.48,5,4,8,36.26,2,2,1,4,0.9965136322655569,Critico
1337,51337,20,Centro-Oeste,9,106.28,6,9.72,4,3,6,46.73,1,1,7,5,0.996453583735372,Critico
1213,51213,59,Centro-Oeste,59,191.56,1,2.93,3,9,3,40.13,2,2,9,8,0.9961694491554891,Critico
1184,51184,58,Norte,107,426.27,5,2.55,7,11,3,54.33,3,4,10,8,0.996116500027011,Critico
1949,51949,58,Centro-Oeste,90,777.3,1,20.5,9,5,5,35.0,3,5,6,7,0.996070935036073,Critico
1776,51776,36,Nordeste,50,135.24,4,14.51,4,8,5,44.62,2,3,3,7,0.9960327914857386,Critico
401,50401,50,Centro-Oeste,47,516.65,4,1.33,4,9,3,26.85,1,4,11,8,0.9959951175898704,Critico
1909,51909,26,Sul,110,474.72,4,67.29,11,7,5,20.34,3,3,10,6,0.9957973073266158,Critico
199,50199,36,Nordeste,25,557.64,6,3.34,3,2,5,41.44,2,3,5,7,0.9957825680823691,Critico
745,50745,25,Sul,73,328.62,5,43.11,10,12,6,44.36,2,2,7,5,0.9956451863774294,Critico
114,50114,56,Nordeste,36,645.84,1,73.53,6,3,4,45.49,2,4,10,7,0.9955996735952728,Critico
976,50976,41,Centro-Oeste,70,335.79,4,24.22,6,12,2,49.03,1,4,9,9,0.9955765953658778,Critico
2354,52354,28,Norte,115,208.24,3,1.81,6,4,3,5.93,1,4,10,8,0.9955633032326209,Critico
881,50881,60,Nordeste,117,7.76,4,29.21,1,6,4,25.37,1,3,7,7,0.9955433240941712,Critico
2035,52035,32,Sul,97,217.15,3,22.53,8,2,6,30.65,3,3,3,6,0.9955414543343176,Critico
69,50069,24,Sul,45,1402.67,1,43.56,9,8,4,51.51,2,5,3,9,0.995524284500778,Critico
2403,52403,46,Centro-Oeste,65,167.97,2,5.72,1,11,6,26.01,2,2,1,6,0.9954535502625665,Critico
846,50846,23,Centro-Oeste,83,479.17,6,86.32,1,10,5,43.06,3,3,7,6,0.9953536183787351,Critico
2369,52369,62,Norte,111,164.97,2,106.39,6,12,7,44.19,3,1,8,3,0.9951294598125422,Critico
475,50475,21,Norte,46,262.34,6,2.51,11,11,4,41.05,2,2,3,8,0.9951051631980364,Critico
1635,51635,18,Sul,76,155.47,6,34.47,10,14,5,40.27,1,2,11,5,0.994953923666508,Critico
409,50409,36,Norte,96,912.65,1,6.72,11,4,5,40.62,3,5,0,8,0.9948428220478426,Critico
2057,52057,25,Norte,33,996.42,3,9.6,8,4,4,39.62,2,4,6,8,0.9948397041947009,Critico
2224,52224,39,Sudeste,85,19.28,1,24.08,3,3,6,27.06,3,1,6,5,0.9947811233521899,Critico
1222,51222,48,Norte,74,315.47,5,11.57,6,5,4,15.39,1,2,3,8,0.9947664088132513,Critico
1916,51916,23,Norte,116,284.14,5,38.98,4,4,4,49.83,2,3,11,6,0.9946071711735988,Critico
817,50817,37,Nordeste,97,690.01,4,47.3,3,13,2,64.73,3,4,4,10,0.9945519375122126,Critico
1522,51522,38,Sudeste,85,453.73,4,8.69,1,6,5,15.44,2,1,8,6,0.9943870012508779,Critico
2244,52244,31,Centro-Oeste,97,556.18,2,25.01,9,2,5,53.27,2,2,6,6,0.9943560549027528,Critico
355,50355,30,Nordeste,72,486.17,2,83.69,10,5,5,52.08,2,2,1,7,0.9942809940866773,Critico
278,50278,54,Sudeste,69,214.21,5,9.15,4,4,4,47.49,2,2,7,7,0.9942695595768273,Critico
1013,51013,45,Sudeste,95,133.27,1,59.37,10,8,4,25.78,3,4,3,8,0.9942276467537337,Critico
1411,51411,33,Norte,108,271.42,2,46.12,9,11,4,18.8,3,2,7,7,0.9941523579740721,Critico
1096,51096,42,Nordeste,107,695.91,3,56.14,2,9,5,52.95,2,0,10,5,0.9940066741371244,Critico
1869,51869,48,Centro-Oeste,65,625.39,1,15.25,3,9,1,36.23,1,6,10,10,0.9939573087510419,Critico
510,50510,30,Sul,117,520.24,2,31.98,8,3,3,18.01,3,4,0,10,0.9939080450959205,Critico
1932,51932,45,Centro-Oeste,98,191.39,1,12.9,4,7,7,59.1,3,1,2,4,0.9938863444503417,Critico
999,50999,50,Sudeste,3,818.05,2,31.12,1,11,5,39.17,3,3,4,7,0.9938599858557502,Critico
217,50217,53,Norte,25,504.75,4,27.33,11,7,2,32.18,2,4,10,9,0.9938389803942703,Critico
812,50812,51,Sul,56,213.14,2,21.35,10,5,3,66.87,1,3,11,7,0.9937868259303478,Critico
1350,51350,38,Sul,23,112.19,5,30.19,7,6,4,36.73,1,1,6,7,0.9937855148716613,Critico
252,50252,28,Sudeste,22,465.21,4,0.23,8,11,6,70.59,2,1,5,5,0.993727691974072,Critico
1805,51805,36,Centro-Oeste,58,242.06,3,33.33,6,2,6,39.08,3,3,5,5,0.9936694032541159,Critico
315,50315,53,Sul,82,382.09,2,71.83,9,6,4,45.79,2,2,11,6,0.993636324031607,Critico
1970,51970,40,Centro-Oeste,41,339.39,3,35.53,3,11,4,57.96,1,5,5,7,0.9934974257321652,Critico
1189,51189,54,Nordeste,109,694.73,2,6.08,10,9,4,40.84,3,3,8,7,0.9934843683074847,Critico
2073,52073,60,Norte,94,93.21,4,2.75,10,4,5,49.82,1,4,4,6,0.9934201659808755,Critico
370,50370,56,Sudeste,71,216.93,1,105.78,2,7,5,50.06,1,1,3,6,0.9932163451350442,Critico
147,50147,62,Sul,30,379.53,4,33.46,5,11,4,22.43,3,4,3,8,0.9929424322187012,Critico
1052,51052,44,Norte,6,241.59,1,4.99,1,12,6,37.73,1,1,3,5,0.9929284237778923,Critico
2316,52316,47,Sul,99,76.13,1,20.98,7,14,6,23.08,1,2,3,5,0.9928317668260956,Critico
1484,51484,39,Norte,49,387.3,4,10.41,11,4,4,28.6,3,5,8,7,0.992759670748406,Critico
275,50275,39,Norte,61,317.11,1,6.86,11,6,4,32.21,1,4,11,6,0.9926951823328338,Critico
1114,51114,21,Nordeste,87,92.04,5,79.35,1,7,3,10.23,1,4,11,7,0.9926486342947247,Critico
751,50751,39,Sudeste,80,474.68,1,30.24,6,14,6,21.66,2,1,10,4,0.9926297776783372,Critico
611,50611,54,Norte,20,496.11,6,101.13,9,11,6,29.64,1,2,4,5,0.9925539689010361,Critico
2233,52233,54,Nordeste,34,149.63,5,70.5,10,14,4,17.88,2,3,11,6,0.9925201231142835,Critico
341,50341,35,Centro-Oeste,44,629.15,2,41.01,11,5,3,28.9,1,5,8,8,0.9924490630906506,Critico
563,50563,34,Centro-Oeste,111,393.63,5,24.65,9,5,4,43.96,3,2,0,8,0.9922543466157328,Critico
1206,51206,58,Centro-Oeste,86,1276.13,4,87.36,8,3,3,21.05,2,5,10,8,0.9922289444426664,Critico
66,50066,69,Nordeste,53,198.64,2,24.32,5,3,3,57.25,2,3,5,8,0.9921329569414439,Critico
763,50763,55,Nordeste,52,120.2,2,0.47,10,5,3,4.61,2,4,3,9,0.9921044919943015,Critico
1994,51994,19,Sul,76,489.59,6,39.27,8,8,4,53.25,1,3,10,6,0.9920920982630002,Critico
738,50738,51,Norte,81,129.27,4,4.3,2,7,3,47.36,3,4,5,8,0.9920156660014366,Critico
37,50037,53,Norte,23,557.8,4,0.31,9,8,5,44.25,1,3,10,5,0.9919273441690951,Critico
1897,51897,48,Centro-Oeste,105,264.11,2,5.37,10,11,3,35.01,3,1,10,7,0.9918816997187866,Critico
140,50140,48,Norte,56,150.15,5,36.37,7,6,4,44.72,2,3,9,6,0.9918562626517734,Critico
978,50978,31,Norte,11,403.97,4,17.8,9,8,3,42.82,1,3,11,7,0.9917936480119389,Critico
940,50940,57,Nordeste,17,314.17,6,121.0,3,8,7,44.65,1,1,1,4,0.9917313378839135,Critico
2046,52046,32,Sul,89,182.71,2,15.34,5,5,4,20.27,1,3,10,6,0.9917277985451223,Critico
2310,52310,34,Sul,88,309.13,5,38.91,8,9,5,36.58,3,4,5,6,0.9917045865318218,Critico
1497,51497,64,Sudeste,12,344.26,5,26.39,10,8,4,34.14,2,4,7,7,0.9916146971501238,Critico
1995,51995,29,Centro-Oeste,75,245.97,2,29.13,3,5,5,47.44,2,1,7,5,0.9914103944976937,Critico
1612,51612,58,Nordeste,76,897.65,2,4.05,5,8,5,15.81,1,2,1,7,0.9908036754537505,Critico
333,50333,37,Centro-Oeste,81,65.83,4,19.8,6,7,6,43.82,1,1,5,4,0.9906916664217654,Critico
1050,51050,48,Nordeste,115,788.38,3,18.53,11,11,5,24.37,2,1,5,6,0.9906336659288879,Critico
1552,51552,57,Centro-Oeste,25,309.7,5,50.56,8,7,3,40.94,2,4,10,7,0.9905712789252823,Critico
1717,51717,20,Centro-Oeste,39,709.72,2,6.81,11,4,5,38.5,2,2,5,6,0.9905289117595543,Critico
1529,51529,44,Nordeste,18,268.09,4,13.46,8,7,3,29.51,2,3,11,7,0.9903833553070187,Critico
2333,52333,20,Norte,22,346.33,6,42.01,9,12,4,57.96,3,0,8,6,0.990383150610208,Critico
1093,51093,48,Nordeste,104,540.3,3,42.27,11,2,3,40.85,3,3,11,7,0.9903443779523191,Critico
1482,51482,29,Sudeste,101,87.28,1,13.01,4,13,4,31.42,1,3,3,7,0.9903374730849395,Critico
49,50049,60,Centro-Oeste,67,663.31,6,37.22,10,6,4,45.09,1,2,9,6,0.9903058653158634,Critico
716,50716,66,Nordeste,57,411.41,2,3.18,7,9,6,33.98,1,0,7,4,0.9902928440255496,Critico
1749,51749,19,Sul,95,234.15,5,9.05,1,14,4,58.73,1,4,2,7,0.9901127639232948,Critico
157,50157,54,Sudeste,34,348.1,1,26.64,5,4,4,31.63,2,2,10,6,0.9900663586545368,Critico
1719,51719,45,Sul,79,302.31,6,34.56,7,9,4,35.5,3,2,9,6,0.9896668974648792,Critico
657,50657,34,Centro-Oeste,107,264.22,5,19.4,7,7,4,43.66,1,3,2,7,0.9896496805595398,Critico
1042,51042,32,Centro-Oeste,104,347.61,5,4.42,2,2,4,23.83,1,2,3,7,0.9895393535873214,Critico
2413,52413,26,Sudeste,19,406.5,5,54.26,6,12,3,42.29,2,2,10,7,0.9895151177138057,Critico
458,50458,49,Nordeste,104,234.6,4,69.5,5,12,3,22.56,1,2,8,7,0.989484008844795,Critico
2047,52047,24,Centro-Oeste,114,419.75,1,29.56,10,8,4,30.72,1,4,3,7,0.9891802252557659,Critico
307,50307,57,Sudeste,19,384.43,5,1.58,2,10,3,41.19,2,2,10,7,0.9891633585333764,Critico
1123,51123,62,Sudeste,78,619.85,6,14.22,9,5,3,72.67,3,3,10,7,0.9891503660172019,Critico
1269,51269,49,Sul,111,652.4,6,12.79,8,3,5,38.21,1,1,8,5,0.9890345908233209,Critico
436,50436,19,Nordeste,115,345.05,5,26.5,6,14,4,50.46,1,1,6,6,0.9888097297075119,Critico
70,50070,32,Nordeste,82,639.53,4,66.26,3,3,2,35.79,3,3,11,8,0.9887853188456694,Critico
483,50483,35,Sudeste,99,372.07,3,102.71,3,8,3,48.48,1,5,8,7,0.9886927758393959,Critico
440,50440,66,Centro-Oeste,33,479.08,4,4.23,2,14,2,55.71,2,4,9,8,0.9885221618038641,Critico
62,50062,62,Norte,81,42.28,1,39.12,9,3,4,47.8,3,1,11,5,0.988493435932469,Critico
1327,51327,45,Nordeste,108,600.7,3,92.51,5,5,3,37.42,3,2,9,7,0.9884894600106463,Critico
2175,52175,69,Nordeste,96,270.6,3,14.26,6,12,2,21.52,1,6,10,8,0.9884136636538353,Critico
1143,51143,35,Sudeste,11,100.27,5,48.12,9,11,6,38.87,1,2,6,4,0.9883161358040042,Critico
1074,51074,62,Norte,101,495.79,6,19.17,11,8,3,20.88,2,4,10,7,0.988236193360911,Critico
1715,51715,54,Nordeste,63,27.48,3,35.83,11,4,2,33.63,2,3,9,8,0.9881693739762991,Critico
651,50651,24,Centro-Oeste,32,479.61,3,40.16,4,5,5,40.34,2,2,2,6,0.9881229802323267,Critico
1033,51033,45,Norte,49,179.06,5,6.13,6,8,3,47.87,2,1,7,7,0.9879561961406852,Critico
2214,52214,67,Norte,104,1113.83,4,16.97,8,2,5,61.78,2,2,8,5,0.9879449488060272,Critico
1343,51343,60,Centro-Oeste,47,1842.3,1,6.68,2,14,4,23.56,3,5,9,7,0.9879045592524864,Critico
1933,51933,20,Nordeste,44,756.14,5,114.99,4,3,4,51.66,3,4,4,7,0.9877713517102779,Critico
2409,52409,59,Nordeste,53,1001.11,6,52.49,11,5,4,19.39,1,3,11,6,0.9877384245709371,Critico
1528,51528,53,Sudeste,43,525.0,1,8.5,2,7,3,35.24,3,2,10,7,0.9874932096155621,Critico
1654,51654,21,Centro-Oeste,20,364.59,2,24.54,8,3,7,25.51,3,1,6,3,0.9870729365286938,Critico
1180,51180,61,Nordeste,84,83.92,4,14.2,8,4,4,40.02,2,1,11,5,0.9869922364817116,Critico
1758,51758,64,Sul,29,224.25,3,24.15,1,8,2,45.8,3,4,9,8,0.9869177462781831,Critico
568,50568,60,Nordeste,89,461.83,2,14.02,7,6,3,29.26,1,6,4,8,0.9864153665785456,Critico
2495,52495,66,Norte,91,345.83,1,9.27,1,14,6,54.81,3,0,8,3,0.9863996367802293,Critico
2238,52238,44,Sul,45,277.26,3,54.44,6,8,3,42.2,3,3,8,7,0.9863821510013446,Critico
1330,51330,29,Norte,118,433.61,4,17.2,11,11,6,45.03,2,0,4,4,0.986377287899262,Critico
407,50407,64,Sul,110,576.64,4,1.5,2,2,7,30.6,2,0,10,2,0.9863420843761638,Critico
2251,52251,47,Centro-Oeste,45,283.67,5,2.08,8,8,4,51.2,2,2,1,7,0.9862456949022834,Critico
2008,52008,21,Sudeste,46,166.63,2,53.43,9,8,4,35.3,1,0,6,6,0.9862059137724293,Critico
502,50502,68,Nordeste,11,639.88,4,73.96,4,9,2,44.13,3,4,10,8,0.9861464588696788,Critico
622,50622,68,Nordeste,81,319.77,2,130.87,2,12,4,20.62,2,3,11,5,0.9861322458183085,Critico
661,50661,63,Sul,94,381.75,3,16.7,6,12,4,27.78,1,4,2,7,0.9858951991849241,Critico
505,50505,65,Nordeste,103,338.61,3,40.24,3,9,3,26.41,1,4,7,7,0.9855856542234435,Critico
308,50308,19,Centro-Oeste,48,143.79,2,35.31,4,2,4,43.31,1,3,0,7,0.9855091777994901,Critico
1368,51368,39,Norte,4,346.08,2,27.88,7,4,6,26.5,3,1,11,3,0.985370116622749,Critico
1846,51846,43,Centro-Oeste,71,74.01,2,1.13,6,8,6,55.68,2,0,2,4,0.9853551708772061,Critico
2000,52000,57,Nordeste,20,94.62,4,45.77,1,3,5,36.95,3,1,10,4,0.9849366703697637,Critico
531,50531,28,Sudeste,55,455.69,3,36.24,8,12,3,25.01,2,4,9,7,0.9846562509543076,Critico
493,50493,26,Centro-Oeste,82,282.08,3,28.8,8,4,4,35.88,1,2,10,5,0.9844815651217117,Critico
2178,52178,37,Nordeste,9,352.13,4,57.69,7,5,4,36.79,2,3,2,7,0.9844462128084609,Critico
2220,52220,57,Sul,79,148.33,3,14.65,2,12,5,19.29,1,0,9,4,0.9843752096068742,Critico
2311,52311,47,Nordeste,57,145.44,1,22.4,11,8,3,47.93,1,4,6,7,0.9843599348646517,Critico
1774,51774,66,Norte,18,373.25,3,14.06,1,11,5,25.3,3,2,6,5,0.9843438323491573,Critico
1895,51895,45,Centro-Oeste,92,562.8,2,9.95,11,8,4,33.53,1,2,11,5,0.9842555801881834,Critico
1565,51565,22,Sul,107,220.97,1,17.84,6,4,3,56.08,2,1,10,6,0.9841882793039308,Critico
1884,51884,64,Sudeste,64,466.64,2,40.15,3,4,3,49.22,1,4,2,8,0.9840968935745519,Critico
481,50481,57,Sudeste,86,252.04,6,20.34,7,4,5,36.92,3,2,6,5,0.9840690514013818,Critico
47,50047,58,Sudeste,33,461.42,3,27.91,3,4,6,45.25,2,1,0,5,0.984048830505369,Critico
1187,51187,38,Norte,47,446.76,4,11.34,5,11,3,58.5,2,3,1,8,0.9839929851803372,Critico
1888,51888,44,Sul,12,136.78,3,9.01,5,6,5,22.33,1,0,10,4,0.9839802136314398,Critico
1310,51310,28,Sudeste,52,290.3,1,10.93,10,10,3,45.93,2,2,7,7,0.9839675502552707,Critico
346,50346,47,Sudeste,88,323.9,6,7.55,6,12,4,46.86,1,1,10,5,0.9839630173955802,Critico
188,50188,64,Centro-Oeste,75,125.8,1,5.47,4,4,2,48.35,3,6,7,8,0.9839249124784896,Critico
72,50072,29,Sudeste,80,212.03,1,66.52,6,2,6,42.64,1,1,3,4,0.9836344810314933,Critico
1998,51998,50,Centro-Oeste,34,1126.92,6,48.74,8,4,3,43.7,2,2,9,7,0.9836006610308234,Critico
443,50443,43,Norte,79,676.82,4,3.68,11,12,6,43.59,3,1,0,5,0.9835430882171241,Critico
1559,51559,41,Sudeste,80,420.4,4,23.1,7,4,7,19.06,2,1,0,4,0.9835358147110275,Critico
68,50068,34,Nordeste,109,745.08,5,73.34,9,5,4,29.76,3,4,3,7,0.9834851593048644,Critico
1625,51625,66,Norte,45,573.33,3,50.66,5,10,2,28.71,2,3,8,8,0.9833753003122016,Critico
1744,51744,54,Centro-Oeste,115,1579.63,6,28.0,1,6,5,30.94,3,3,9,5,0.9833313049988995,Critico
1967,51967,46,Norte,60,663.22,5,4.76,3,5,4,45.32,1,3,6,6,0.9832956817488916,Critico
42,50042,48,Centro-Oeste,15,117.97,2,28.35,5,2,3,28.02,2,2,11,6,0.9829631770558241,Critico
287,50287,32,Sudeste,71,199.41,1,12.09,11,5,3,21.15,2,0,2,8,0.9828773824374019,Critico
1839,51839,36,Centro-Oeste,13,314.45,3,6.68,9,14,4,45.35,2,2,5,6,0.9826800438901513,Critico
448,50448,32,Sul,15,361.59,2,23.33,3,12,4,38.25,2,3,6,6,0.9826451196465092,Critico
1371,51371,67,Sudeste,88,468.76,6,19.97,4,8,4,38.39,2,2,11,5,0.9824938835939102,Critico
2198,52198,27,Norte,112,171.07,5,21.51,4,12,5,56.26,3,1,7,4,0.9824224746103752,Critico
1692,51692,52,Centro-Oeste,79,265.26,1,12.38,8,4,4,47.96,2,2,9,5,0.9822223598591143,Critico
675,50675,59,Sul,78,288.59,6,59.46,7,7,4,35.22,2,2,5,6,0.9821292018522654,Critico
743,50743,38,Sudeste,66,137.17,1,3.13,4,14,2,51.69,3,2,11,7,0.9821021901872011,Critico
2479,52479,48,Sudeste,106,339.66,1,126.71,1,14,3,29.22,2,3,5,7,0.9819447423644903,Critico
1881,51881,56,Sul,38,324.18,5,1.37,3,3,4,42.46,3,2,11,5,0.9818557464361976,Critico
1514,51514,42,Nordeste,48,253.67,3,11.0,9,14,4,51.28,1,3,4,6,0.9813764008639148,Critico
478,50478,68,Centro-Oeste,108,318.46,4,57.31,2,5,4,17.35,3,3,5,6,0.9813476157051408,Critico
2116,52116,41,Sul,89,203.38,2,71.48,2,10,1,38.52,2,3,11,8,0.9813354353691893,Critico
707,50707,37,Norte,61,148.96,6,1.54,9,10,4,25.74,3,1,5,6,0.9812998277230833,Critico
2123,52123,53,Centro-Oeste,80,247.42,1,20.26,9,12,3,38.31,2,4,0,8,0.9812323495030396,Critico
93,50093,21,Centro-Oeste,74,453.7,3,15.62,3,5,3,40.45,3,3,11,6,0.9811808671478576,Critico
145,50145,30,Centro-Oeste,74,718.63,4,19.52,5,4,4,40.7,1,5,1,7,0.9811797779294975,Critico
1682,51682,33,Nordeste,29,134.61,6,60.15,2,5,3,33.58,1,3,10,6,0.9811404586993218,Critico
1121,51121,38,Sudeste,9,767.45,1,18.13,1,12,3,11.67,1,4,4,8,0.9806344064290647,Critico
1406,51406,49,Sul,65,194.45,4,72.38,2,3,3,31.22,1,4,10,6,0.9805263154132283,Critico
1726,51726,36,Norte,84,170.47,6,16.49,10,9,2,63.93,3,4,10,7,0.9803371348469081,Critico
2192,52192,47,Sul,17,240.26,1,24.33,5,10,4,45.68,1,3,9,5,0.9800581495701796,Critico
388,50388,69,Norte,3,197.86,4,30.33,5,3,5,37.07,2,0,8,4,0.9799724767569313,Critico
1294,51294,39,Norte,16,1296.25,2,3.05,9,5,4,49.71,1,4,3,7,0.979873014838299,Critico
428,50428,25,Sudeste,37,683.67,5,7.12,4,3,3,37.46,1,1,7,7,0.9797606247426447,Critico
760,50760,52,Sudeste,12,173.52,6,14.92,4,12,3,29.28,2,2,11,6,0.9797059934643506,Critico
2149,52149,40,Sudeste,38,553.67,6,22.68,9,14,5,50.23,1,1,4,5,0.9796718238533652,Critico
1530,51530,44,Sudeste,80,404.4,2,12.49,10,5,5,25.46,2,1,10,4,0.9796525460160105,Critico
1208,51208,45,Sudeste,65,378.77,6,50.4,2,9,4,24.48,2,1,10,5,0.9796210976325661,Critico
1789,51789,39,Nordeste,6,220.55,1,25.34,1,5,5,40.3,2,1,8,4,0.9791397436748196,Critico
2083,52083,40,Sudeste,60,251.26,3,31.4,4,5,4,61.84,3,3,4,6,0.9789821692337265,Critico
1173,51173,50,Sul,8,124.93,3,26.82,6,5,5,60.23,1,2,2,5,0.9789592327435592,Critico
244,50244,55,Nordeste,93,101.09,6,20.13,1,12,3,33.4,3,2,4,7,0.9788607256146734,Critico
1713,51713,64,Sul,98,452.45,5,27.48,1,13,5,63.25,1,1,6,4,0.9787896378082385,Critico
208,50208,29,Sudeste,95,325.34,3,21.69,1,5,3,10.26,1,3,6,7,0.9785457855134524,Critico
1135,51135,68,Norte,70,161.54,5,3.28,2,11,3,52.24,2,3,3,7,0.9784318557026176,Critico
2305,52305,35,Sul,24,496.12,3,39.54,11,14,3,34.2,2,2,11,6,0.9782608711557205,Critico
703,50703,54,Sul,86,389.97,2,0.12,5,3,4,29.93,2,3,5,6,0.9781910998469961,Critico
1359,51359,68,Norte,92,736.84,4,16.38,3,13,1,39.05,3,6,3,10,0.9781770466022154,Critico
614,50614,31,Centro-Oeste,60,366.07,6,14.83,3,3,3,33.67,2,3,10,6,0.978110905816175,Critico
1508,51508,68,Sudeste,33,132.71,2,42.15,3,4,4,45.22,1,2,8,5,0.9780858496192827,Critico
22,50022,54,Centro-Oeste,68,480.03,3,14.53,1,4,4,47.91,1,3,8,5,0.9779787045903909,Critico
646,50646,26,Norte,58,339.9,5,29.12,6,10,2,32.35,3,3,11,7,0.9779749753736628,Critico
2401,52401,64,Nordeste,115,1100.24,2,6.44,10,14,3,33.88,3,4,8,7,0.9778993041312836,Critico
1256,51256,43,Norte,88,903.68,5,0.12,11,9,3,30.17,2,3,7,7,0.9773359183003442,Critico
878,50878,29,Sul,63,522.65,3,53.95,7,4,5,43.43,1,2,3,5,0.9770829909753251,Critico
1030,51030,63,Norte,9,178.49,4,113.62,1,8,2,39.05,1,2,8,7,0.9767263507813418,Critico
1160,51160,20,Centro-Oeste,15,529.48,4,19.48,5,8,3,44.32,1,1,4,7,0.9766267594062734,Critico
1521,51521,46,Norte,88,866.71,6,48.85,1,5,4,43.48,3,0,4,6,0.9765106572540164,Critico
172,50172,30,Sudeste,45,139.62,4,5.5,7,8,1,60.85,1,7,1,10,0.976487811222407,Critico
2030,52030,36,Nordeste,46,277.89,5,32.12,8,10,5,22.46,1,2,3,5,0.976307746254485,Critico
581,50581,58,Norte,46,88.14,5,32.4,1,14,1,37.58,1,4,9,8,0.9761773519401483,Critico
1014,51014,21,Norte,67,577.2,2,52.92,4,4,3,32.63,3,2,10,6,0.9760802612596792,Critico
2242,52242,30,Sul,113,526.69,5,10.9,9,13,5,45.11,1,1,2,5,0.9760532530556417,Critico
1319,51319,36,Norte,66,308.59,6,13.33,5,5,5,41.98,3,0,7,4,0.9759552098696035,Critico
1119,51119,58,Centro-Oeste,4,490.48,5,37.29,6,14,2,20.27,3,4,7,8,0.9759500178922894,Critico
1341,51341,35,Nordeste,35,675.9,5,66.49,10,12,4,57.54,2,3,4,6,0.9759357335409724,Critico
2034,52034,52,Centro-Oeste,45,339.28,5,13.64,8,3,4,6.13,3,4,6,6,0.9759050190866287,Critico
392,50392,58,Sudeste,78,73.27,6,95.71,10,8,4,32.88,2,3,3,6,0.9759015061970184,Critico
1376,51376,50,Nordeste,19,398.64,1,17.47,1,10,2,40.05,2,2,10,7,0.9758883019608865,Critico
2467,52467,60,Sul,5,145.26,3,7.08,9,4,2,27.2,1,4,11,7,0.9755287272449787,Critico
136,50136,47,Sudeste,26,637.17,1,55.2,11,12,2,55.77,2,3,11,7,0.9754934022296443,Critico
1322,51322,29,Sul,110,106.3,5,3.06,7,7,3,41.63,3,4,9,6,0.9754179480152515,Critico
2338,52338,23,Sudeste,9,481.75,2,68.52,8,11,4,31.16,3,1,5,6,0.975380477655712,Critico
992,50992,64,Sudeste,69,479.42,2,12.72,1,10,3,43.38,3,3,10,6,0.9753729138725167,Critico
1485,51485,40,Norte,56,98.69,4,15.38,11,10,2,45.74,1,2,8,7,0.9752562150892099,Critico
2063,52063,50,Norte,17,240.84,4,11.99,10,8,4,22.31,2,2,9,5,0.9752003838024187,Critico
1255,51255,61,Nordeste,77,548.28,4,6.97,8,10,4,23.73,2,0,9,5,0.9749521066724218,Critico
1745,51745,49,Norte,79,395.52,4,0.96,10,8,5,33.91,3,2,8,4,0.9749131406929216,Critico
1092,51092,37,Nordeste,79,575.52,5,18.97,11,14,4,32.64,1,3,4,6,0.9748427611480317,Critico
120,50120,19,Sudeste,85,428.1,4,77.12,5,6,3,47.3,3,2,9,6,0.9743255190673673,Critico
2062,52062,68,Norte,111,349.57,3,42.01,10,2,2,39.17,2,3,9,7,0.9741814145984453,Critico
1505,51505,28,Sudeste,47,255.69,3,4.34,10,4,3,45.43,2,4,0,8,0.9741437589726244,Critico
265,50265,36,Sudeste,8,592.31,2,53.73,2,11,4,49.56,1,1,8,5,0.9740950982706249,Critico
1941,51941,68,Sul,59,82.45,3,57.8,2,4,4,52.47,2,2,1,6,0.9739900773905225,Critico
1694,51694,32,Sul,55,107.37,4,121.72,2,12,1,22.03,3,4,10,8,0.9737342605782098,Critico
98,50098,59,Sul,94,411.69,4,67.98,4,4,4,27.55,2,2,8,5,0.9736939522313947,Critico
2115,52115,24,Nordeste,101,303.23,1,7.05,11,11,2,46.22,1,5,4,8,0.97353876309893,Critico
158,50158,66,Nordeste,21,796.83,4,9.4,5,4,3,43.38,3,2,6,7,0.973177065240427,Critico
6,50006,35,Sudeste,75,568.76,6,36.58,3,4,5,41.82,2,2,3,5,0.9731432008234899,Critico
1008,51008,48,Sul,71,319.82,3,0.1,2,8,7,27.94,1,1,0,3,0.9729902454828262,Critico
415,50415,45,Sudeste,60,621.41,5,66.09,3,4,3,46.54,3,3,10,6,0.9729404639977955,Critico
452,50452,19,Centro-Oeste,4,198.26,4,19.24,11,6,5,37.36,2,2,7,4,0.9728682205725174,Critico
1668,51668,21,Norte,83,599.12,1,45.86,7,14,3,30.1,2,4,9,6,0.9726075744639817,Critico
1010,51010,59,Centro-Oeste,117,155.44,5,39.09,11,3,5,43.63,3,0,5,4,0.9725659293974765,Critico
1699,51699,44,Nordeste,33,265.59,6,37.2,10,2,2,43.48,2,4,0,9,0.9725198511625618,Critico
1674,51674,37,Centro-Oeste,64,927.01,4,2.17,7,7,5,20.32,1,2,9,4,0.9724626741124035,Critico
629,50629,58,Sul,2,138.61,1,34.09,1,7,3,39.34,3,1,8,6,0.9724263882194722,Critico
1378,51378,61,Sudeste,107,293.23,1,3.12,4,5,2,37.16,2,2,9,7,0.9722571606599473,Critico
2487,52487,54,Nordeste,5,404.13,6,19.41,2,10,3,25.98,2,4,10,6,0.9722060708486931,Critico
1190,51190,34,Norte,66,407.43,3,3.62,4,2,2,46.36,1,5,9,7,0.9719778404153959,Critico
2386,52386,21,Sul,108,683.39,2,55.47,10,12,4,50.04,1,2,7,5,0.971822656795252,Critico
1513,51513,39,Sul,34,219.83,2,51.71,3,12,6,30.04,2,0,5,3,0.9717223897688824,Critico
1395,51395,23,Sul,42,746.51,3,11.48,9,9,4,46.99,2,2,9,5,0.9713838912595345,Critico
973,50973,22,Norte,8,382.37,4,86.84,10,14,6,46.75,3,0,5,3,0.9712927642623427,Critico
934,50934,47,Nordeste,16,302.88,4,72.49,5,2,6,39.62,3,1,6,3,0.9712627313735465,Critico
165,50165,32,Sudeste,102,153.6,2,11.98,3,10,1,37.16,3,1,9,8,0.97114534537751,Critico
1643,51643,19,Centro-Oeste,47,308.64,4,22.93,4,2,3,47.16,3,3,3,7,0.9710055370659516,Critico
2212,52212,30,Nordeste,88,831.2,1,143.16,11,2,3,35.4,3,4,10,6,0.9709323325281302,Critico
915,50915,50,Norte,49,393.82,4,79.57,4,11,3,53.5,3,3,2,7,0.9706772984092608,Critico
2237,52237,59,Nordeste,65,420.19,2,25.33,7,4,4,48.75,2,2,2,6,0.9705632328235575,Critico
2313,52313,26,Norte,75,519.09,5,83.58,4,11,5,40.47,2,0,0,5,0.9704718795637698,Critico
1952,51952,34,Sul,25,397.06,2,46.37,3,4,4,33.63,3,1,8,5,0.9704062468683639,Critico
1266,51266,37,Norte,48,240.5,2,11.92,4,3,1,61.87,2,3,8,8,0.9702517701994645,Critico
1927,51927,39,Sudeste,3,220.26,2,2.95,6,4,2,34.64,2,3,10,7,0.9694379277903081,Critico
1808,51808,34,Nordeste,91,669.56,1,54.47,1,10,7,39.14,2,0,4,2,0.9693488983545517,Critico
1038,51038,20,Sudeste,3,80.05,5,25.79,9,2,4,36.66,3,1,8,5,0.96925554007269,Critico
669,50669,48,Sudeste,104,163.07,4,2.26,6,12,4,43.48,2,2,11,4,0.9690813034091222,Critico
1308,51308,37,Norte,23,662.34,4,33.55,6,7,4,32.87,1,3,8,5,0.9690323666647246,Critico
2408,52408,27,Norte,96,737.98,1,48.36,11,13,1,49.33,1,4,4,9,0.9687635852622873,Critico
1691,51691,41,Sudeste,28,532.61,3,2.7,3,8,5,40.41,1,2,2,5,0.9685228717321,Critico
2410,52410,45,Sul,63,503.68,3,17.14,2,5,2,55.84,3,4,9,7,0.9683974510069054,Critico
299,50299,64,Norte,116,213.38,3,0.32,3,10,3,58.7,1,1,9,5,0.9682765972553236,Critico
1531,51531,59,Norte,80,427.38,2,11.99,9,12,4,33.5,1,2,11,4,0.9680479514485828,Critico
1111,51111,46,Sudeste,50,805.66,1,8.06,1,6,2,42.07,3,4,11,7,0.9674601427476397,Critico
2433,52433,55,Sudeste,69,110.92,5,75.5,7,11,3,51.15,2,3,11,5,0.9672310086944473,Critico
2196,52196,45,Norte,45,263.29,2,0.29,11,2,2,38.0,2,5,9,7,0.9671431990624315,Critico
1907,51907,49,Sul,98,100.37,2,0.43,10,6,4,42.46,3,2,11,4,0.967007937734644,Critico
595,50595,51,Centro-Oeste,53,409.77,6,8.23,3,5,5,43.93,2,1,10,3,0.9669754689454039,Critico
1091,51091,55,Centro-Oeste,73,453.48,5,47.67,2,12,5,35.3,3,1,0,5,0.9669692457024937,Critico
453,50453,39,Nordeste,27,1246.46,3,50.38,8,2,3,42.95,1,1,10,6,0.9667801368667311,Critico
1759,51759,26,Sudeste,1,33.61,3,18.68,2,5,3,57.72,2,1,11,5,0.9666576835534847,Critico
291,50291,34,Sul,87,394.66,2,26.15,11,7,4,31.48,1,0,11,4,0.9665087616505045,Critico
471,50471,59,Sul,71,254.47,5,8.47,2,13,4,21.93,2,4,2,6,0.9663172111845555,Critico
603,50603,40,Nordeste,49,253.74,4,16.22,6,12,5,24.61,3,1,11,3,0.9660561593137231,Critico
1457,51457,52,Norte,35,250.99,3,1.29,1,4,4,38.52,1,1,10,4,0.966004653530346,Critico
1784,51784,26,Sul,46,512.0,5,34.04,10,2,3,69.43,3,4,8,6,0.9659682212384577,Critico
2390,52390,34,Norte,89,155.97,5,11.39,5,2,3,33.04,1,3,6,6,0.965790975552637,Critico
2085,52085,47,Nordeste,28,352.41,2,17.58,6,5,5,21.67,2,3,2,5,0.9656805400190059,Critico
1295,51295,20,Centro-Oeste,59,159.86,5,18.96,3,3,4,23.9,3,1,11,4,0.9656185900951467,Critico
303,50303,44,Centro-Oeste,39,70.87,6,16.05,6,4,3,22.09,1,1,11,5,0.9654642351602466,Critico
1985,51985,67,Sudeste,28,371.71,3,3.26,3,10,3,31.83,2,2,8,6,0.9651026874981634,Critico
2179,52179,69,Norte,112,705.5,2,22.01,5,7,5,46.25,1,0,4,4,0.9649233546382822,Critico
2119,52119,42,Sudeste,8,648.74,3,53.59,6,12,3,53.68,3,1,8,6,0.9647100668176702,Critico
1990,51990,54,Sul,30,66.57,1,21.54,4,2,4,22.62,2,1,11,4,0.9646639257447319,Critico
1655,51655,45,Centro-Oeste,118,443.74,5,33.18,5,14,4,38.0,1,1,9,4,0.9646334245878331,Critico
2378,52378,53,Centro-Oeste,37,141.02,3,25.22,4,10,3,36.59,1,2,10,5,0.9644308792691505,Critico
65,50065,63,Norte,64,522.84,2,76.14,3,3,3,19.72,1,3,7,6,0.9643562785179174,Critico
2302,52302,30,Sul,36,150.82,1,37.19,4,8,5,34.03,1,1,9,3,0.9641179565562035,Critico
841,50841,32,Norte,22,215.21,4,17.68,7,12,2,62.75,2,3,11,6,0.9640016165943576,Critico
1822,51822,28,Centro-Oeste,38,767.71,3,6.8,4,3,2,52.79,1,3,8,7,0.9638854336171977,Critico
112,50112,30,Centro-Oeste,45,292.7,3,13.71,3,5,4,34.3,1,2,10,4,0.9636843404707613,Critico
1112,51112,53,Norte,103,839.25,2,56.7,1,3,4,31.87,1,2,11,4,0.9636492079397674,Critico
2499,52499,41,Sul,51,55.87,2,2.11,2,14,5,29.1,3,3,0,5,0.963516859789631,Critico
229,50229,55,Sudeste,119,913.63,3,16.42,1,8,2,28.01,1,2,9,7,0.9634500386022404,Critico
1468,51468,47,Sudeste,48,263.98,4,34.02,6,11,4,61.51,3,1,10,4,0.9632423847220191,Critico
264,50264,57,Sul,77,466.75,3,1.87,2,12,2,46.1,3,4,3,8,0.9631748594015725,Critico
935,50935,42,Nordeste,110,229.98,5,0.38,8,6,3,61.4,1,4,5,6,0.9630377923968215,Critico
2240,52240,20,Sudeste,60,510.24,1,39.35,10,13,1,49.11,2,4,9,8,0.9627005556207785,Critico
1891,51891,57,Sudeste,82,535.94,5,37.63,8,13,5,36.94,1,1,10,3,0.962578823934609,Critico
929,50929,19,Sul,83,122.65,3,13.89,4,2,2,29.02,2,2,7,7,0.9624873159641396,Critico
2265,52265,56,Centro-Oeste,69,341.99,3,6.15,5,3,5,41.34,2,1,4,4,0.9624124203999459,Critico
1996,51996,41,Norte,63,497.23,4,8.73,3,9,1,35.14,3,4,4,9,0.9620876075660202,Critico
338,50338,19,Nordeste,107,204.35,5,8.31,9,13,4,42.04,2,0,9,4,0.9620193131027183,Critico
909,50909,41,Nordeste,71,12.13,1,35.19,8,4,4,29.34,1,1,9,4,0.9618331884123167,Critico
894,50894,33,Norte,87,233.41,2,36.64,2,14,6,43.03,3,1,2,3,0.9616222205211874,Critico
1085,51085,25,Centro-Oeste,51,758.04,2,11.11,9,11,4,49.94,2,2,11,4,0.9612612686593272,Critico
451,50451,46,Sul,92,474.16,2,12.03,2,9,1,37.59,3,5,9,8,0.9612054678051861,Critico
1015,51015,23,Centro-Oeste,11,170.66,1,43.83,7,5,4,36.63,2,3,5,5,0.9607295230631313,Critico
1274,51274,56,Nordeste,110,502.7,3,28.15,4,5,2,22.31,3,2,8,7,0.9606847583098603,Critico
464,50464,65,Centro-Oeste,67,313.59,2,62.78,10,7,4,55.04,3,2,9,4,0.9605902017832141,Critico
1442,51442,34,Sudeste,61,94.49,3,3.7,7,11,1,63.15,1,3,11,7,0.9604743779519215,Critico
733,50733,43,Sul,30,658.72,4,16.66,2,10,4,29.08,3,0,7,5,0.9604653490527636,Critico
314,50314,57,Sudeste,111,265.48,5,12.86,2,2,4,38.92,3,0,10,4,0.9603424155958197,Critico
1248,51248,25,Norte,12,231.77,6,12.91,2,7,3,55.79,3,1,10,5,0.959718563699773,Critico
786,50786,67,Sudeste,60,1132.9,2,37.85,1,7,4,44.91,2,3,3,6,0.9596931734234899,Critico
2020,52020,53,Centro-Oeste,7,214.0,6,5.39,3,13,3,23.47,2,2,6,6,0.9595828700143949,Critico
1810,51810,21,Nordeste,54,159.16,2,11.63,10,10,4,49.6,3,3,0,6,0.9594748063694143,Critico
684,50684,25,Norte,88,414.07,2,62.04,10,11,4,44.76,2,2,9,4,0.9592771814750564,Critico
2019,52019,60,Sul,26,278.11,6,29.09,2,6,4,32.46,3,2,1,6,0.9592263094211289,Critico
2142,52142,46,Sudeste,22,748.2,3,63.62,4,7,4,27.94,3,2,3,6,0.9589817941952279,Critico
29,50029,38,Sudeste,119,522.15,3,79.0,3,13,5,29.29,2,1,9,3,0.9588674209393782,Critico
1678,51678,51,Sul,112,265.31,1,31.87,10,6,1,44.13,1,2,11,7,0.9585169908544866,Critico
967,50967,60,Sudeste,63,51.73,3,8.82,4,8,3,38.05,1,3,0,7,0.9583143227570421,Critico
1418,51418,42,Sul,110,85.18,6,17.14,4,9,2,36.32,2,5,6,7,0.9579255205954968,Critico
1391,51391,29,Norte,108,800.38,5,44.6,2,2,3,45.79,2,3,11,5,0.957015084207427,Critico
529,50529,56,Nordeste,73,233.09,5,5.39,6,9,3,51.56,2,4,5,6,0.9567148631135606,Critico
2045,52045,26,Centro-Oeste,93,563.3,6,14.66,6,12,5,37.95,3,1,4,4,0.9566145658002035,Critico
1981,51981,39,Nordeste,11,608.13,3,39.51,9,13,4,36.14,2,2,11,4,0.9559061242834105,Critico
1762,51762,37,Centro-Oeste,58,441.56,1,63.4,7,12,4,44.68,1,2,8,4,0.9556735294085452,Critico
594,50594,38,Sudeste,11,344.19,4,113.73,5,10,1,56.66,1,3,11,7,0.9556468360150037,Critico
1824,51824,63,Nordeste,45,528.61,2,19.39,1,14,2,28.01,2,3,7,7,0.9556169380897194,Critico
562,50562,54,Centro-Oeste,33,237.49,4,58.24,7,13,3,50.09,3,2,9,5,0.9552729105499317,Critico
1879,51879,28,Centro-Oeste,44,788.55,4,50.42,7,12,3,26.29,1,1,11,5,0.9551820466110825,Critico
1512,51512,32,Sul,58,375.46,6,10.18,1,8,3,26.92,1,0,10,5,0.9548807770293699,Critico
51,50051,18,Nordeste,19,375.57,5,13.63,11,8,4,56.09,1,1,4,5,0.9547062196648265,Critico
2155,52155,53,Nordeste,2,285.98,4,2.03,10,3,3,36.07,1,2,11,5,0.9546995393999295,Critico
1853,51853,39,Norte,65,470.23,1,3.6,3,12,2,40.22,2,4,11,6,0.9544668387427813,Critico
1670,51670,41,Centro-Oeste,81,334.41,3,22.06,5,6,3,56.51,1,2,8,5,0.954442536160294,Critico
1441,51441,53,Centro-Oeste,69,362.46,4,5.46,4,3,5,18.89,3,0,9,3,0.9537582412383383,Critico
1253,51253,53,Sul,32,163.46,4,0.72,8,12,3,47.89,3,2,10,5,0.9535688908581484,Critico
2444,52444,51,Norte,108,433.58,3,23.48,8,5,2,29.99,2,3,11,6,0.9534186304442208,Critico
48,50048,21,Norte,26,431.62,5,15.21,1,9,3,45.21,2,3,5,6,0.9531924190673301,Critico
919,50919,18,Norte,23,232.63,6,6.27,2,3,3,52.6,1,3,4,6,0.9531466238008202,Critico
818,50818,63,Norte,17,492.92,1,50.17,10,8,2,62.79,3,4,6,7,0.9531253054237196,Critico
2213,52213,35,Sul,52,494.35,1,4.78,9,9,4,46.28,3,1,10,4,0.9529760302432719,Critico
1786,51786,53,Sul,110,1130.84,6,54.85,3,3,3,10.32,3,2,9,6,0.9528529915220086,Critico
1596,51596,23,Sul,86,535.4,4,18.02,11,2,3,48.1,2,3,6,6,0.952479373552144,Critico
2298,52298,67,Nordeste,39,326.8,3,0.51,2,9,5,22.39,3,0,4,4,0.9523745968735889,Critico
270,50270,58,Nordeste,23,119.67,5,14.85,3,12,2,49.21,2,4,5,7,0.9523010313918484,Critico
1593,51593,64,Centro-Oeste,42,370.7,6,28.14,6,3,3,58.91,3,1,9,5,0.9520665280229427,Critico
1817,51817,38,Norte,111,174.61,1,37.05,2,12,4,41.93,3,2,2,5,0.9519605419948488,Critico
1855,51855,62,Centro-Oeste,5,330.11,4,9.23,9,3,3,41.56,1,3,10,5,0.9518267647416144,Critico
2399,52399,43,Centro-Oeste,118,233.81,1,2.01,7,8,1,63.41,1,5,4,8,0.9516396048015761,Critico
1153,51153,49,Sul,31,623.73,4,45.52,8,6,4,42.97,2,1,10,4,0.951324596716129,Critico
610,50610,44,Norte,48,206.81,4,53.71,3,7,1,33.61,3,3,11,7,0.9513034787385696,Critico
1631,51631,56,Sudeste,102,257.43,1,13.14,4,2,4,29.74,3,3,0,6,0.9512788614883073,Critico
192,50192,68,Norte,53,1250.18,3,2.74,2,14,5,61.85,1,2,4,4,0.9509875065081782,Critico
1901,51901,34,Norte,28,196.84,6,5.52,2,2,4,41.18,1,2,8,4,0.9507614202633914,Critico
119,50119,53,Norte,103,139.18,1,21.63,5,6,4,19.4,2,2,3,5,0.9505710291907123,Critico
2340,52340,67,Sul,100,558.59,5,24.16,7,8,4,22.29,1,3,0,6,0.9504479015933182,Critico
161,50161,42,Sul,43,234.72,6,29.23,6,8,4,60.15,3,1,3,5,0.9502728563294744,Critico
1730,51730,67,Sudeste,112,89.36,6,18.72,10,2,3,19.86,1,3,10,5,0.9501632006301646,Critico
500,50500,45,Centro-Oeste,26,683.05,3,4.17,4,5,3,5.95,2,1,7,6,0.9496891671929575,Critico
1579,51579,32,Sul,101,513.85,6,7.8,2,6,4,41.98,2,2,4,5,0.949629719687081,Critico
1298,51298,55,Sudeste,38,90.36,6,19.93,11,14,3,35.35,2,3,5,6,0.949524896396644,Critico
1080,51080,54,Sul,88,531.07,6,13.17,5,5,4,31.21,3,1,10,4,0.9493775974064086,Critico
2261,52261,18,Sul,75,374.21,1,56.94,4,12,4,65.91,3,1,2,5,0.9493325489905629,Critico
659,50659,45,Norte,32,769.77,4,2.71,5,11,3,56.6,3,4,1,7,0.9492897118239333,Critico
7,50007,37,Sudeste,68,41.29,3,99.62,6,8,3,35.83,3,3,4,6,0.9491137657711121,Critico
636,50636,65,Centro-Oeste,8,357.25,4,4.83,10,12,2,41.41,3,3,11,6,0.9486306246259887,Critico
1458,51458,46,Sul,20,585.77,5,48.92,8,14,3,40.15,1,2,10,5,0.9485417328540366,Critico
2108,52108,44,Centro-Oeste,82,323.03,4,15.4,9,3,3,28.96,1,2,4,6,0.9484215326803944,Critico
2406,52406,26,Sul,16,557.83,1,5.36,3,6,4,62.54,3,1,9,4,0.9481053029714408,Critico
337,50337,55,Norte,64,385.0,4,34.14,1,10,4,34.33,3,1,8,4,0.947867965519594,Critico
543,50543,18,Sul,99,132.19,5,23.5,3,7,2,38.18,2,2,9,6,0.9477474983866906,Critico
1082,51082,27,Sudeste,85,1136.38,1,70.64,10,2,4,17.23,1,1,2,6,0.9475912629121334,Critico
789,50789,57,Centro-Oeste,114,446.55,2,69.16,9,13,2,32.84,1,4,4,7,0.9475446181952852,Critico
663,50663,38,Sudeste,101,351.56,3,37.01,1,11,4,38.78,1,0,2,5,0.9474423828174973,Critico
233,50233,33,Centro-Oeste,32,404.07,2,2.57,1,5,4,61.21,2,1,2,5,0.9471573568605735,Critico
2432,52432,66,Sudeste,55,377.51,2,92.98,4,13,4,33.28,2,1,8,4,0.946949174169834,Critico
713,50713,37,Centro-Oeste,26,347.56,5,9.99,6,12,4,37.15,3,3,4,5,0.9466835914213697,Critico
1471,51471,45,Sul,35,543.54,2,5.04,6,9,5,43.56,2,0,3,4,0.9463451324216425,Critico
1689,51689,48,Centro-Oeste,32,1185.42,6,2.42,6,4,3,39.71,3,3,8,6,0.946140443740878,Critico
350,50350,39,Sul,97,22.06,5,41.75,4,8,3,31.92,1,1,7,5,0.9458372579978833,Critico
777,50777,46,Sul,48,485.88,3,19.33,10,10,3,36.9,2,2,10,5,0.9449461945812319,Critico
1090,51090,19,Sudeste,116,342.67,5,81.52,4,10,3,43.57,2,2,8,5,0.944928244284164,Critico
1647,51647,59,Centro-Oeste,106,503.34,3,66.18,8,9,3,56.15,1,3,7,5,0.9448839110904675,Critico
2239,52239,35,Nordeste,88,604.68,1,9.47,3,3,3,41.71,1,2,9,5,0.9446749789801787,Critico
1775,51775,43,Nordeste,48,660.74,1,37.11,4,10,6,34.89,2,0,7,2,0.9444158384699938,Critico
2349,52349,36,Sul,23,403.06,5,60.79,11,9,3,55.27,1,4,4,6,0.9443726883413397,Critico
159,50159,50,Sudeste,103,223.1,6,12.28,10,14,1,54.77,2,4,10,7,0.9443390440270178,Critico
1041,51041,21,Nordeste,4,63.84,5,9.2,1,9,3,50.19,3,1,3,6,0.9441990951271934,Critico
2076,52076,38,Sudeste,98,203.27,3,38.32,7,12,4,51.35,3,1,2,5,0.943985119848979,Critico
1599,51599,66,Sudeste,41,270.17,5,9.08,6,12,3,35.09,1,2,9,5,0.9438582231125122,Critico
474,50474,23,Nordeste,4,504.76,1,5.16,6,14,4,51.09,1,2,3,5,0.9435207242536631,Critico
2398,52398,18,Sudeste,113,769.11,1,16.08,7,11,3,36.44,2,1,10,5,0.9431186427148804,Critico
685,50685,69,Sudeste,90,623.43,6,36.27,3,9,1,44.58,1,4,6,8,0.9430490109148518,Critico
1188,51188,20,Sul,118,96.7,6,51.72,4,6,2,32.6,3,3,4,7,0.9430215421768601,Critico
937,50937,35,Sul,78,459.2,5,14.92,6,6,5,49.8,2,1,2,4,0.9429422884999233,Critico
2474,52474,59,Norte,20,213.59,1,8.28,4,6,5,57.03,1,1,5,3,0.9426704582514149,Critico
1416,51416,41,Norte,26,560.4,5,18.52,10,2,4,37.7,2,1,9,4,0.9421880654048579,Critico
2257,52257,24,Nordeste,25,432.46,2,19.32,10,9,4,45.81,1,2,8,4,0.942105818968052,Critico
2018,52018,48,Norte,49,654.59,2,77.13,8,6,3,39.92,2,2,4,6,0.9420711095510818,Critico
1750,51750,40,Sul,115,262.62,3,8.32,3,4,6,46.55,2,1,0,3,0.9419930458514564,Critico
331,50331,57,Norte,39,109.86,5,2.44,2,14,1,31.83,1,7,0,9,0.9419734942196681,Critico
2170,52170,23,Norte,107,1168.02,3,17.6,7,8,3,40.56,1,5,1,7,0.9419338477992819,Critico
1847,51847,58,Centro-Oeste,104,706.06,4,9.59,6,12,3,46.66,3,3,9,5,0.9414127261072726,Critico
1351,51351,22,Nordeste,98,560.38,3,3.37,9,3,2,29.77,2,3,11,6,0.9413864616294878,Critico
1688,51688,31,Centro-Oeste,116,273.0,3,4.6,3,12,5,69.28,3,1,4,3,0.9413137053831065,Critico
1386,51386,27,Nordeste,3,699.7,1,17.16,7,13,4,46.93,1,0,8,4,0.9403308440188207,Critico
170,50170,58,Norte,112,608.02,3,32.03,5,6,0,49.61,3,4,1,10,0.9401971223006331,Critico
488,50488,40,Sudeste,70,242.19,3,4.28,10,13,3,52.39,2,2,8,5,0.9399688091082257,Critico
1783,51783,50,Nordeste,79,68.03,6,62.03,9,3,2,46.21,1,1,2,7,0.9394005331540503,Critico
705,50705,18,Sudeste,29,409.49,2,36.49,6,2,1,38.79,1,3,11,7,0.9392842685162646,Critico
266,50266,46,Centro-Oeste,40,95.2,3,65.45,7,13,2,48.59,1,1,11,5,0.9389873338282688,Critico
852,50852,28,Sul,31,406.72,1,9.23,8,8,2,47.92,2,4,10,6,0.9385245468462006,Critico
793,50793,58,Sul,108,478.26,4,0.69,4,11,2,37.09,2,2,4,7,0.9376124450656518,Critico
354,50354,48,Sul,75,193.75,3,45.01,9,13,2,45.8,2,3,8,6,0.9375581477706363,Critico
2183,52183,35,Sul,47,194.03,2,66.69,7,4,3,15.05,3,1,9,5,0.9373327302407118,Critico
1398,51398,32,Norte,55,477.09,3,31.47,5,9,2,50.05,1,3,8,6,0.936924730916048,Critico
1079,51079,66,Centro-Oeste,103,772.48,2,19.49,5,10,3,38.28,3,3,9,5,0.9368855968843184,Critico
1549,51549,50,Sudeste,105,512.99,4,8.36,1,7,3,66.01,2,1,7,5,0.936853674583643,Critico
925,50925,47,Nordeste,83,368.7,3,3.08,11,8,2,35.53,3,3,10,6,0.9368044091500959,Critico
532,50532,42,Norte,30,538.87,2,2.64,1,8,5,60.65,3,1,6,3,0.9367926919159646,Critico
369,50369,20,Nordeste,95,278.25,6,55.3,7,8,4,54.16,3,1,11,3,0.9366859354197622,Critico
1396,51396,34,Centro-Oeste,79,377.55,5,26.08,2,12,4,16.02,2,1,2,5,0.9365144374722306,Critico
2052,52052,49,Sul,23,454.98,6,15.8,10,5,4,49.35,2,1,8,4,0.9363036640692655,Critico
1628,51628,69,Norte,71,314.04,5,36.04,4,7,4,13.07,3,2,8,4,0.9362967969406197,Critico
1898,51898,49,Nordeste,95,259.39,1,8.78,5,2,5,56.7,3,0,0,4,0.9359636413215873,Critico
698,50698,35,Sudeste,55,116.91,2,44.76,1,2,4,44.52,1,2,1,5,0.9359160534977741,Critico
650,50650,24,Centro-Oeste,96,902.94,2,5.18,8,5,4,51.8,2,2,3,5,0.9358425627374741,Critico
858,50858,35,Sul,46,756.33,1,21.85,1,5,1,54.07,3,3,6,8,0.9355330243071269,Critico
1874,51874,50,Norte,80,225.87,1,11.69,6,13,2,20.35,2,5,4,7,0.9354358793841528,Critico
597,50597,39,Nordeste,6,355.75,5,26.1,8,11,4,33.54,3,0,3,5,0.9353609635672765,Critico
987,50987,57,Sudeste,63,1153.7,4,5.89,7,8,4,39.96,2,3,6,5,0.9352533369874302,Critico
714,50714,26,Sudeste,51,416.54,6,2.43,10,5,4,44.13,2,0,8,4,0.9351032692392001,Critico
269,50269,27,Nordeste,59,1372.36,3,49.19,6,2,4,39.96,3,1,11,4,0.9350848614625638,Critico
214,50214,45,Sul,105,323.22,2,17.67,10,6,4,27.26,3,2,8,4,0.9350111160442536,Critico
776,50776,63,Centro-Oeste,87,1023.52,4,85.92,1,12,2,50.66,2,4,4,7,0.9345791339370279,Critico
658,50658,57,Nordeste,59,378.62,5,23.11,11,12,2,42.5,2,3,4,7,0.934519870210785,Critico
304,50304,22,Sudeste,51,240.49,1,14.86,9,13,3,29.46,2,0,8,5,0.9344796269906264,Critico
2157,52157,20,Sul,89,267.76,4,4.56,6,11,1,48.31,3,2,9,7,0.9343206723893803,Critico
593,50593,32,Norte,112,572.3,4,21.25,8,10,4,36.76,2,2,2,5,0.9343024039976725,Critico
1031,51031,52,Centro-Oeste,96,626.91,5,82.54,1,12,2,55.81,2,3,7,6,0.9341007281799505,Critico
2144,52144,19,Norte,88,197.07,3,11.56,5,6,3,42.61,1,2,1,6,0.9338798260289254,Critico
2173,52173,67,Norte,81,568.61,3,42.19,4,11,1,46.85,2,4,9,7,0.9336789951098917,Critico
667,50667,68,Centro-Oeste,90,1117.53,2,16.17,10,8,4,13.09,1,3,5,5,0.9329869443564172,Critico
827,50827,21,Sul,48,396.59,6,230.33,2,6,0,26.18,2,5,5,9,0.9328466351852098,Critico
1060,51060,44,Nordeste,81,692.01,5,6.74,3,14,5,35.11,1,0,6,3,0.9325659955929776,Critico
195,50195,36,Norte,35,341.14,5,25.02,5,11,3,29.53,1,1,7,5,0.9323631756801845,Critico
836,50836,32,Centro-Oeste,17,373.43,2,9.42,5,3,5,39.86,2,1,6,3,0.9322667808044464,Critico
522,50522,69,Sul,112,829.75,3,89.86,4,4,5,44.43,1,2,1,4,0.9321269764653013,Critico
2049,52049,49,Sul,81,225.68,3,25.41,8,10,2,63.8,1,5,2,7,0.9320969587204233,Critico
1567,51567,62,Norte,67,556.82,4,54.07,2,12,4,38.17,2,1,11,3,0.9320411768094631,Critico
1906,51906,40,Centro-Oeste,72,277.69,1,64.51,10,5,2,41.87,1,3,2,7,0.9320250011325993,Critico
1807,51807,61,Centro-Oeste,69,381.54,1,5.89,2,14,2,27.48,2,3,8,6,0.9315586302768062,Critico
1840,51840,51,Centro-Oeste,33,263.56,6,11.39,2,5,3,22.78,3,1,3,6,0.9315402015796289,Critico
1175,51175,57,Nordeste,98,378.26,2,22.81,6,3,4,44.84,2,1,11,3,0.9314729731148085,Critico
1288,51288,32,Nordeste,12,234.09,3,4.68,10,6,5,56.03,3,1,6,3,0.9312859703055474,Critico
405,50405,44,Norte,6,190.61,3,0.42,7,14,3,28.18,3,2,8,5,0.931052810977085,Critico
2146,52146,24,Sudeste,47,191.86,3,26.5,3,13,4,25.15,3,0,7,4,0.9310117168271309,Critico
87,50087,59,Centro-Oeste,72,340.91,5,32.07,9,10,3,33.67,2,2,7,5,0.930647201608436,Critico
2429,52429,29,Norte,118,877.54,5,20.54,3,2,3,59.17,1,2,7,5,0.9303432306778044,Critico
1825,51825,65,Nordeste,80,202.58,6,18.92,8,14,3,26.1,1,3,7,5,0.9299213190030733,Critico
2226,52226,54,Sudeste,16,392.77,6,4.25,1,14,4,48.55,2,2,7,4,0.9296964189595645,Critico
215,50215,64,Norte,13,105.79,3,6.31,2,7,3,32.38,2,3,7,5,0.9296332783918817,Critico
2094,52094,68,Centro-Oeste,94,670.2,1,90.22,3,13,0,30.68,3,4,10,8,0.9294894947597221,Critico
1372,51372,51,Nordeste,74,551.6,2,16.95,3,12,3,37.63,3,2,8,5,0.9294825629795206,Critico
521,50521,57,Nordeste,82,404.04,2,3.03,4,14,3,37.29,1,0,6,5,0.9290831179063815,Critico
939,50939,68,Norte,18,78.13,1,60.98,7,7,3,22.33,2,3,7,5,0.9290155093844019,Critico
699,50699,51,Nordeste,108,325.19,1,61.0,4,8,4,23.69,1,0,10,3,0.9289325059590215,Critico
131,50131,43,Sul,27,234.65,6,33.37,2,14,4,35.25,2,1,11,3,0.9288921956462126,Critico
1754,51754,27,Sul,43,156.31,1,1.38,9,12,3,25.65,1,1,2,6,0.9287101382534129,Critico
1387,51387,42,Sul,76,186.9,5,32.75,1,7,5,55.3,1,0,8,2,0.9283419708312706,Critico
399,50399,52,Norte,63,745.4,5,136.81,2,10,3,53.78,3,0,11,4,0.9283253036164749,Critico
847,50847,65,Centro-Oeste,49,378.62,6,0.28,1,12,5,60.64,1,0,8,2,0.9279486918189849,Critico
1414,51414,56,Nordeste,75,504.77,5,47.68,3,12,4,27.05,3,1,2,5,0.9279442147456929,Critico
302,50302,65,Centro-Oeste,111,202.92,6,59.14,1,11,3,22.38,3,2,1,6,0.9277443838661721,Critico
2199,52199,23,Sudeste,45,323.6,3,26.73,4,10,3,44.97,3,3,8,5,0.9272957833043141,Critico
885,50885,27,Sudeste,58,216.17,6,19.93,5,14,2,20.09,2,3,9,6,0.9268436455657545,Critico
96,50096,43,Sudeste,73,352.17,6,22.73,6,10,3,25.93,1,3,8,5,0.9267871756143038,Critico
1757,51757,27,Centro-Oeste,10,446.45,3,12.22,1,4,4,19.24,3,2,3,5,0.9262198997313774,Critico
2007,52007,68,Sudeste,84,628.69,4,47.48,5,2,4,40.79,1,2,2,5,0.9260527220689089,Critico
486,50486,27,Sudeste,20,600.53,5,7.27,7,10,5,31.03,1,0,7,3,0.9256232869243335,Critico
540,50540,27,Centro-Oeste,9,881.32,5,8.6,10,5,4,45.78,1,2,3,5,0.9253469129404103,Critico
2469,52469,66,Nordeste,52,367.49,2,19.37,9,9,2,52.39,3,3,8,6,0.9249316582692428,Critico
1072,51072,57,Sul,86,480.64,2,0.02,6,6,5,52.63,2,1,5,3,0.9249104858985515,Critico
1493,51493,61,Nordeste,17,278.54,1,30.87,7,10,3,36.72,2,2,7,5,0.9247114182665558,Critico
916,50916,49,Nordeste,119,689.0,4,34.24,3,14,2,28.21,1,3,3,7,0.9246764403516144,Critico
2278,52278,39,Sul,74,146.24,1,51.07,11,13,4,24.21,3,1,11,3,0.924489877457451,Critico
784,50784,55,Sul,102,1386.85,5,0.15,11,3,5,45.19,2,1,9,3,0.9243774479166657,Critico
519,50519,20,Centro-Oeste,74,507.91,6,6.15,3,9,3,36.67,3,1,7,5,0.9233783425334783,Critico
185,50185,21,Nordeste,51,1317.9,3,71.03,5,3,5,57.79,1,1,2,4,0.9232956507085079,Critico
823,50823,40,Nordeste,48,121.36,6,20.14,11,13,2,41.34,2,2,7,6,0.9231440028083187,Critico
2282,52282,53,Sudeste,106,273.2,6,10.77,1,12,4,54.32,1,1,4,4,0.9230881072721132,Critico
1375,51375,42,Nordeste,81,431.58,1,23.33,7,4,3,42.27,3,1,7,5,0.9230527313886772,Critico
1101,51101,49,Sudeste,10,129.61,4,2.72,1,12,2,47.23,1,3,2,7,0.9229141213157411,Critico
422,50422,39,Norte,108,457.63,5,29.86,9,4,3,46.68,1,3,6,5,0.9228994098453328,Critico
687,50687,35,Sudeste,24,93.9,6,27.22,10,10,3,34.65,3,3,8,5,0.9226356904945462,Critico
300,50300,38,Sudeste,109,303.79,3,1.84,9,8,2,33.76,3,4,4,7,0.9226281053887867,Critico
1866,51866,66,Sul,109,448.69,1,23.87,10,2,4,33.67,2,0,6,4,0.9225067841888243,Critico
706,50706,59,Centro-Oeste,46,241.86,3,149.5,11,3,4,52.68,3,1,9,3,0.9223896636604016,Critico
1339,51339,20,Sudeste,23,372.78,4,5.37,3,11,3,32.85,2,2,3,6,0.9222734243257609,Critico
2457,52457,31,Nordeste,95,30.68,5,99.74,7,14,3,35.41,1,2,9,4,0.9216994575059912,Critico
1235,51235,35,Centro-Oeste,84,155.1,5,27.87,6,11,3,35.1,1,3,5,5,0.9215934074337843,Critico
1966,51966,66,Nordeste,108,555.83,5,30.85,8,7,3,47.55,3,2,2,6,0.9213983754454588,Critico
856,50856,31,Sul,99,409.38,1,17.45,8,2,3,28.44,1,2,2,6,0.9210835948964368,Critico
1556,51556,31,Sudeste,99,103.61,1,0.89,9,14,3,51.47,2,1,10,4,0.9210321450594676,Critico
1950,51950,67,Nordeste,63,204.86,2,6.9,7,12,3,46.76,3,2,11,4,0.9209930783646226,Critico
2041,52041,23,Sul,67,290.32,1,15.3,6,11,5,32.97,3,0,0,4,0.9209805006830711,Critico
1982,51982,31,Centro-Oeste,21,616.66,3,24.83,3,11,2,35.46,1,0,7,6,0.9206764854012597,Critico
394,50394,48,Norte,13,481.95,2,19.57,7,6,3,43.74,1,0,11,4,0.9205595160606436,Critico
1842,51842,35,Nordeste,25,781.26,1,17.98,4,7,3,20.2,2,1,9,5,0.920353611439141,Critico
632,50632,65,Nordeste,50,372.11,6,17.22,10,13,3,51.74,3,3,2,6,0.9203526170169052,Critico
33,50033,65,Norte,57,385.12,1,5.05,6,13,4,43.54,2,2,5,4,0.9202524332024822,Critico
1344,51344,43,Sul,3,499.62,1,43.79,4,3,5,47.72,1,1,5,3,0.92009910029361,Critico
2015,52015,42,Norte,27,416.92,3,11.88,3,10,3,48.69,1,0,10,4,0.9200454705260965,Critico
2325,52325,43,Sudeste,72,526.01,3,0.14,10,9,4,40.57,3,0,7,4,0.9193019468135353,Critico
1857,51857,65,Centro-Oeste,114,159.25,3,22.76,2,4,3,47.06,2,2,4,5,0.9188141683012406,Critico
137,50137,19,Centro-Oeste,5,640.01,5,69.97,3,7,3,25.18,1,1,7,5,0.9187432821507828,Critico
1198,51198,55,Nordeste,12,92.68,6,40.41,9,13,3,27.73,1,2,1,6,0.918406185678668,Critico
1352,51352,35,Sul,51,151.61,4,8.24,11,11,2,34.98,3,3,3,7,0.9183153110293243,Critico
313,50313,44,Sudeste,99,787.5,4,3.77,8,2,2,39.53,1,2,9,6,0.9182907574933318,Critico
1203,51203,60,Sul,108,147.51,3,15.49,2,11,4,55.97,2,1,3,4,0.9182759087810932,Critico
814,50814,61,Nordeste,12,490.26,1,9.6,3,12,3,42.48,3,1,7,5,0.918066054343502,Critico
788,50788,25,Sudeste,40,714.93,3,139.66,8,14,4,54.39,1,1,10,3,0.9175545451587676,Critico
1938,51938,23,Sul,95,372.87,5,64.61,7,3,5,52.56,1,0,8,2,0.9173607925595731,Critico
2081,52081,33,Sul,81,881.79,2,19.99,11,3,1,40.24,1,3,0,9,0.9169201965128283,Critico
2271,52271,56,Sul,60,418.61,3,13.11,2,8,2,33.62,2,4,8,6,0.9167104623117877,Critico
1243,51243,38,Norte,12,347.19,3,22.72,8,5,4,40.81,1,1,10,3,0.9165951570515702,Critico
28,50028,20,Nordeste,101,751.24,4,34.33,5,10,4,41.19,3,0,6,4,0.9156916714531378,Critico
1226,51226,34,Norte,114,782.53,1,39.61,10,12,4,38.27,1,1,10,3,0.9155597737351032,Critico
626,50626,20,Centro-Oeste,80,445.99,4,1.42,9,6,4,37.85,3,2,6,4,0.9155045131572986,Critico
1924,51924,57,Sul,52,1230.69,4,1.89,4,14,3,42.3,1,3,4,6,0.9153917932117734,Critico
1870,51870,58,Centro-Oeste,52,196.9,2,5.63,11,8,2,34.77,1,2,11,5,0.9153550355184935,Critico
1434,51434,53,Norte,117,416.24,6,32.2,4,3,1,43.04,1,1,6,7,0.9150822217431583,Critico
494,50494,66,Norte,1,180.06,2,14.57,1,12,4,46.81,1,0,8,3,0.9150547694709337,Critico
152,50152,24,Nordeste,99,351.61,4,86.68,10,6,3,40.07,1,2,5,5,0.9145338500235347,Critico
904,50904,36,Sul,2,74.93,3,13.8,3,14,3,49.3,2,2,10,4,0.9144809872964357,Critico
926,50926,43,Nordeste,19,1197.2,5,36.42,10,2,3,31.84,2,4,1,7,0.9144072918419881,Critico
1517,51517,62,Norte,105,469.56,6,20.72,7,7,3,23.79,1,2,6,5,0.9143371224800083,Critico
305,50305,39,Sul,95,789.52,1,2.17,3,12,4,43.12,3,0,11,3,0.9139345976762333,Critico
721,50721,23,Sudeste,14,523.64,3,2.59,1,10,5,29.8,1,2,1,4,0.9138116770710047,Critico
11,50011,50,Centro-Oeste,28,616.17,2,23.0,8,4,2,52.94,3,0,7,6,0.9134831967601498,Critico
2493,52493,61,Centro-Oeste,52,678.12,5,77.02,1,8,3,51.03,2,1,10,4,0.913124962439459,Critico
2318,52318,67,Sudeste,83,190.88,3,9.64,8,4,2,15.11,2,2,3,7,0.9129852054263221,Critico
2164,52164,44,Nordeste,35,853.23,2,36.04,1,11,2,38.71,1,3,8,6,0.9129541137035923,Critico
336,50336,37,Sul,103,176.28,2,24.27,9,8,1,52.02,3,4,7,7,0.9121870775224021,Critico
2373,52373,56,Norte,12,270.95,3,15.04,1,12,5,49.38,3,0,8,2,0.9114962688921803,Critico
1679,51679,64,Sul,36,533.31,6,40.97,5,12,5,37.2,3,0,10,2,0.911269658985286,Critico
2402,52402,35,Sul,11,365.01,4,43.4,7,11,3,40.95,2,1,11,4,0.9110786761280503,Critico
487,50487,69,Norte,78,178.72,5,47.03,4,9,1,26.82,3,3,2,8,0.9110278440092856,Critico
340,50340,59,Sudeste,24,221.73,5,8.0,1,8,4,47.6,2,2,0,5,0.910969128590833,Critico
406,50406,64,Sudeste,57,200.1,1,109.8,1,9,5,44.12,1,1,2,3,0.9105163882458774,Critico
2481,52481,58,Sudeste,35,395.74,5,34.1,8,8,3,39.08,3,1,7,5,0.9099312082082491,Critico
634,50634,58,Sudeste,11,71.39,4,4.12,10,10,4,41.94,2,1,5,4,0.9097700177140237,Critico
2166,52166,20,Centro-Oeste,6,327.13,1,53.02,2,4,2,49.03,3,2,11,5,0.9096595164455629,Critico
756,50756,33,Nordeste,81,411.17,5,24.37,4,3,2,37.36,1,1,11,5,0.909557016478829,Critico
599,50599,43,Nordeste,41,984.67,1,9.23,9,7,2,47.73,3,1,9,6,0.9094856666011534,Critico
1804,51804,59,Sul,78,643.22,5,23.05,9,5,1,26.0,3,3,0,9,0.909477894980663,Critico
2332,52332,48,Centro-Oeste,101,560.33,2,6.72,8,9,3,23.73,2,1,11,4,0.9094007785628756,Critico
1433,51433,26,Sul,1,196.28,4,16.38,7,12,3,23.0,1,1,11,4,0.9092021984369271,Critico
551,50551,42,Centro-Oeste,51,711.66,5,61.1,5,7,4,30.14,3,1,6,4,0.9086759221482087,Critico
1197,51197,33,Sul,30,282.37,3,19.22,8,11,1,45.1,1,3,7,7,0.9085677715037985,Critico
184,50184,51,Sul,40,304.38,1,14.74,6,12,4,9.06,2,1,1,5,0.9083674615858255,Critico
2023,52023,40,Sul,115,276.6,1,20.51,3,9,2,46.01,2,2,0,7,0.9081645484444695,Critico
2201,52201,45,Sul,57,533.08,6,5.45,7,9,1,9.67,1,5,5,8,0.9071816704372963,Critico
1200,51200,69,Sudeste,73,483.66,2,20.82,10,3,3,39.08,3,1,7,5,0.9070241294220698,Critico
1848,51848,62,Sudeste,57,179.94,6,6.67,5,14,5,35.39,1,0,3,3,0.9067877937623677,Critico
2088,52088,32,Sudeste,56,150.6,6,11.11,11,3,2,33.22,3,3,8,6,0.9066748389123852,Critico
261,50261,24,Centro-Oeste,64,262.51,2,10.43,3,6,4,43.68,3,2,4,4,0.9066245255844941,Critico
762,50762,46,Centro-Oeste,107,262.36,5,17.48,3,9,4,32.72,1,2,3,4,0.906614147149807,Critico
1103,51103,33,Norte,21,705.61,3,9.24,3,5,2,21.15,1,2,8,6,0.9064395508980336,Critico
1454,51454,48,Centro-Oeste,116,454.45,1,15.58,8,8,3,32.91,2,2,5,5,0.9064294644835987,Critico
1487,51487,32,Sudeste,80,401.35,6,102.81,8,10,4,51.3,3,0,9,3,0.9064058136312917,Critico
2273,52273,21,Norte,103,526.18,4,38.15,9,2,1,41.84,1,0,11,6,0.9063558951398548,Critico
2328,52328,65,Sudeste,115,263.6,4,30.95,5,13,2,27.83,2,2,6,6,0.9062477914818085,Critico
400,50400,63,Sul,24,572.71,1,45.7,6,11,2,35.3,3,3,3,7,0.906108228129219,Critico
1355,51355,37,Nordeste,87,105.56,3,6.11,5,5,2,38.35,2,1,10,5,0.9058037513486056,Critico
1575,51575,45,Nordeste,109,243.3,4,41.2,6,5,3,58.33,1,2,3,5,0.9041254061246501,Critico
809,50809,61,Sul,83,505.43,3,19.01,2,5,2,43.18,1,3,1,7,0.9036881643620264,Critico
1362,51362,37,Norte,2,659.61,3,133.51,2,13,1,51.86,2,2,6,7,0.9034322516856917,Critico
256,50256,53,Sul,84,842.15,2,9.32,11,13,3,45.62,2,3,7,5,0.9034163713242714,Critico
1945,51945,19,Norte,91,500.29,4,23.32,7,13,5,23.36,3,0,4,3,0.9031655827602265,Critico
1931,51931,66,Centro-Oeste,57,39.17,4,38.59,9,13,2,41.58,2,2,9,5,0.9031519843215073,Critico
56,50056,31,Nordeste,20,409.54,6,0.82,4,8,3,45.69,3,1,6,5,0.9031400786261139,Critico
1963,51963,39,Sudeste,84,296.71,1,15.31,1,7,3,56.46,1,3,4,5,0.9026969481900325,Critico
18,50018,65,Sul,21,483.04,1,28.08,1,12,3,44.76,2,1,10,4,0.9026332980903684,Critico
1137,51137,22,Sul,103,72.67,3,20.24,5,2,2,43.21,2,3,0,7,0.9022170078856577,Critico
877,50877,36,Nordeste,99,685.66,3,18.51,3,14,4,42.81,3,2,0,5,0.9021118275233779,Critico
1588,51588,31,Centro-Oeste,69,430.78,1,0.14,6,4,4,34.31,3,2,0,5,0.9018147717520365,Critico
2291,52291,52,Norte,118,441.65,3,17.45,9,6,2,23.52,1,3,6,6,0.9018049912079649,Critico
1480,51480,44,Norte,118,427.64,1,0.34,3,10,2,45.33,3,2,10,5,0.9015451844461048,Critico
1663,51663,65,Sudeste,119,405.18,3,65.29,11,3,2,62.07,2,2,10,5,0.9014658875255332,Critico
1100,51100,60,Sul,69,508.46,2,9.85,7,9,3,43.86,3,2,6,5,0.9013567655373187,Critico
506,50506,25,Centro-Oeste,3,357.82,3,23.43,4,5,2,39.02,2,2,11,5,0.9010932649805071,Critico
174,50174,43,Nordeste,64,128.31,4,31.98,4,4,2,34.1,3,3,1,7,0.9008781890903508,Critico
1023,51023,39,Sul,55,211.59,2,40.16,5,4,3,24.0,1,2,0,6,0.9006727136058179,Critico
1496,51496,31,Sul,102,136.43,1,16.92,1,2,4,39.46,3,0,8,3,0.9002239270658573,Critico
1426,51426,43,Centro-Oeste,25,502.31,2,19.56,5,7,3,40.43,3,3,1,6,0.8998106294760451,Critico
2274,52274,21,Norte,88,136.36,4,49.98,4,8,2,31.54,3,3,10,5,0.8995735064372072,Critico
2230,52230,60,Sul,29,594.53,4,7.83,11,14,3,38.83,3,2,7,5,0.8992735518642965,Critico
752,50752,62,Centro-Oeste,22,630.25,3,12.3,10,10,4,44.64,2,2,0,5,0.8991046933457723,Critico
1751,51751,57,Nordeste,53,162.8,6,1.68,3,14,3,53.66,1,2,8,4,0.8990642607080814,Critico
1191,51191,34,Norte,95,172.0,4,14.71,10,2,4,24.84,2,2,4,4,0.8982166963563983,Critico
870,50870,35,Nordeste,30,408.93,6,29.91,4,2,5,25.09,3,1,5,3,0.8981825283405492,Critico
608,50608,40,Norte,25,140.08,3,34.02,6,9,3,46.82,3,2,9,4,0.8981769743315583,Critico
377,50377,48,Sudeste,78,186.89,3,3.19,5,10,2,47.83,1,0,9,5,0.8976992114365062,Critico
263,50263,51,Sul,54,610.5,2,6.92,9,9,5,47.49,2,1,4,3,0.8971529919880973,Critico
1753,51753,38,Sul,61,148.53,5,12.96,3,8,1,30.31,1,3,11,6,0.8968849055906445,Critico
1246,51246,45,Nordeste,118,204.15,2,23.56,5,13,4,25.72,3,0,8,3,0.8965969405677399,Critico
553,50553,43,Nordeste,53,101.0,5,12.18,2,14,2,40.28,2,1,9,5,0.8959770291321748,Critico
180,50180,19,Norte,92,923.27,2,13.42,3,4,2,58.04,1,4,6,6,0.8954317221506386,Critico
2186,52186,58,Centro-Oeste,46,80.57,5,16.79,2,13,2,47.61,3,3,4,6,0.8953560075116216,Critico
2370,52370,25,Sudeste,98,335.88,6,4.24,2,11,1,44.77,2,2,6,7,0.8950778378742826,Critico
1331,51331,21,Sul,32,463.01,2,19.37,3,14,3,46.85,1,1,4,5,0.8944171982417066,Critico
1479,51479,29,Sudeste,112,235.41,2,15.46,2,6,3,50.47,2,0,8,4,0.894262185478225,Critico
2463,52463,60,Sudeste,62,617.66,5,93.43,3,10,3,38.85,3,3,1,6,0.8941959983779095,Critico
644,50644,43,Centro-Oeste,7,74.24,2,43.19,7,10,2,26.67,2,3,0,7,0.8933307083231804,Critico
92,50092,21,Nordeste,47,143.82,3,42.0,9,8,3,51.74,1,2,3,5,0.8931014031379219,Critico
1287,51287,20,Nordeste,32,424.14,3,0.42,3,2,5,26.43,3,2,0,4,0.8926405801170075,Critico
1828,51828,62,Sul,28,525.01,1,20.25,3,5,2,61.92,1,3,10,5,0.8925752692755342,Critico
783,50783,32,Nordeste,44,272.77,1,8.22,7,9,4,37.19,3,1,9,3,0.8924217594392134,Critico
862,50862,25,Centro-Oeste,113,164.58,5,5.7,3,8,3,28.1,2,1,3,5,0.8921546168003999,Critico
1264,51264,66,Norte,101,124.16,4,63.86,5,14,3,28.93,1,2,2,5,0.8913035822476179,Critico
1834,51834,57,Nordeste,14,140.51,5,70.64,1,4,2,48.62,2,2,4,6,0.8909603449394263,Critico
1211,51211,45,Sudeste,60,269.19,6,75.68,6,13,2,25.43,3,2,6,6,0.8909554754675137,Critico
2422,52422,42,Sul,111,753.74,1,11.66,10,11,1,37.08,2,5,8,7,0.8902434024354857,Critico
175,50175,60,Norte,86,261.8,3,21.93,7,11,2,58.37,2,2,8,5,0.8897395588384865,Critico
1057,51057,43,Norte,34,665.48,3,44.01,2,3,4,36.6,1,2,4,4,0.8897165369199709,Critico
309,50309,52,Norte,108,405.33,3,19.48,8,13,3,42.27,2,1,8,4,0.8896588002832455,Critico
512,50512,64,Norte,34,340.75,2,17.28,3,2,5,33.78,3,1,3,3,0.8883846424316338,Critico
288,50288,32,Nordeste,13,268.19,3,13.61,4,6,2,36.91,2,4,6,6,0.8882443760544557,Critico
2485,52485,22,Centro-Oeste,5,199.27,3,67.34,10,5,3,38.63,3,1,9,4,0.8880170278343933,Critico
1815,51815,46,Nordeste,57,537.08,6,9.44,2,12,2,38.06,3,2,11,5,0.8879198202177531,Critico
2280,52280,26,Norte,116,52.28,5,5.51,3,5,4,32.86,3,1,2,4,0.8876610716833355,Critico
1827,51827,38,Sul,36,906.87,5,40.28,2,12,2,17.47,1,4,8,6,0.8868949835319206,Critico
1540,51540,64,Norte,102,357.46,4,66.51,10,6,1,27.88,3,3,11,6,0.8867518476576207,Critico
276,50276,43,Nordeste,6,638.11,4,16.38,9,8,3,41.36,2,2,11,4,0.8866680490904207,Critico
544,50544,51,Norte,11,198.35,2,24.65,6,11,4,48.14,2,1,7,3,0.8866368085260234,Critico
301,50301,61,Norte,72,193.27,4,64.11,10,7,4,57.26,2,1,1,4,0.8862083055411053,Critico
1653,51653,30,Centro-Oeste,22,456.69,1,46.28,2,13,3,29.97,2,2,9,4,0.8859048442022245,Critico
727,50727,45,Norte,55,1072.6,2,2.58,11,2,4,18.52,2,1,7,4,0.8857406765958022,Critico
1218,51218,22,Norte,84,617.18,1,4.37,5,6,4,31.01,3,0,9,3,0.8855875198799559,Critico
893,50893,67,Centro-Oeste,52,657.4,1,11.73,4,12,3,51.45,1,1,8,4,0.8854284506662841,Critico
954,50954,22,Centro-Oeste,56,511.03,3,23.63,6,5,1,17.24,1,4,7,7,0.8852916600988445,Critico
1249,51249,32,Sul,19,810.51,3,22.57,9,9,1,50.4,3,2,3,8,0.8849143229510968,Critico
2154,52154,42,Norte,80,686.6,1,42.46,6,4,3,38.5,3,2,0,6,0.8848996887975127,Critico
1799,51799,58,Norte,85,448.1,1,26.13,2,5,4,30.86,2,2,3,4,0.8848119065045748,Critico
207,50207,46,Sudeste,116,461.97,4,6.07,4,2,3,48.09,2,1,9,4,0.8843659729832439,Critico
2397,52397,47,Sul,118,482.64,6,2.69,4,8,2,53.03,2,1,9,5,0.8843119908384999,Critico
811,50811,35,Sul,83,376.29,3,4.28,3,14,1,28.7,2,3,11,6,0.8839697657944366,Critico
390,50390,21,Centro-Oeste,12,297.25,2,3.48,5,5,1,45.63,2,1,10,6,0.883966410282387,Critico
491,50491,69,Centro-Oeste,84,526.69,1,0.11,11,14,2,30.87,2,2,10,5,0.88354979475082,Critico
861,50861,68,Norte,27,286.67,1,22.99,3,14,2,22.66,2,0,9,5,0.8830441756730054,Critico
901,50901,60,Centro-Oeste,55,341.01,3,16.72,4,3,3,49.54,1,0,7,4,0.8829045189245102,Critico
1164,51164,18,Centro-Oeste,24,633.66,1,37.91,11,12,3,49.09,3,3,0,6,0.8825123069606003,Critico
292,50292,66,Norte,88,527.69,6,115.35,2,11,2,52.71,1,1,2,6,0.8824658763391026,Critico
374,50374,59,Centro-Oeste,5,425.59,6,73.58,8,2,1,41.8,1,1,0,8,0.882452837642485,Critico
253,50253,26,Sudeste,21,809.27,6,4.35,6,14,1,60.27,1,3,7,7,0.8824017463994901,Critico
874,50874,29,Sul,5,32.24,1,10.78,1,9,1,30.21,1,3,10,6,0.8821337257322638,Critico
1431,51431,20,Sudeste,68,359.73,3,14.05,9,3,1,65.13,3,3,11,6,0.8820245459186973,Critico
1709,51709,40,Nordeste,91,148.3,3,36.44,5,4,2,54.7,3,1,8,5,0.8817151329981978,Critico
412,50412,21,Sul,72,214.86,3,14.55,2,11,2,42.34,1,1,8,5,0.8813556095394027,Critico
1263,51263,43,Sudeste,70,370.23,5,7.61,8,14,1,40.56,1,4,11,6,0.8811509566391095,Critico
2110,52110,22,Centro-Oeste,33,357.18,3,62.8,4,13,2,37.93,1,1,8,5,0.8810564674859732,Critico
1276,51276,47,Sudeste,45,361.89,4,114.81,5,9,5,51.73,2,0,1,3,0.8807616501775589,Critico
1475,51475,52,Sudeste,76,415.49,1,0.8,5,6,3,50.8,1,0,8,4,0.8807548482574499,Critico
143,50143,56,Norte,103,467.14,4,23.81,5,12,2,38.45,3,1,9,5,0.8807463849348097,Critico
67,50067,44,Norte,100,335.96,4,12.24,1,7,2,37.07,3,2,9,5,0.8805491567634386,Critico
1354,51354,32,Sudeste,7,330.03,4,40.74,5,6,2,48.12,1,3,5,6,0.8802089681552128,Critico
2221,52221,49,Nordeste,64,372.5,3,8.61,11,9,2,33.01,3,3,1,7,0.8798722969679238,Critico
1217,51217,37,Centro-Oeste,41,58.54,4,18.08,9,14,3,59.89,2,1,11,3,0.8785658067041184,Critico
2303,52303,61,Centro-Oeste,56,252.64,1,60.18,4,9,1,37.88,3,5,5,7,0.8784009366711698,Critico
2056,52056,67,Nordeste,23,604.69,6,7.52,3,5,3,41.7,2,2,10,4,0.8776743604594517,Critico
1833,51833,48,Nordeste,96,685.32,2,21.93,7,11,4,23.36,2,1,9,3,0.8776054094375514,Critico
1736,51736,34,Norte,84,206.01,4,20.09,10,7,2,45.23,2,1,3,6,0.8775037302594153,Critico
2,50002,20,Sul,1,458.95,2,9.51,10,6,4,28.23,3,0,10,3,0.8774633730822865,Critico
794,50794,51,Nordeste,48,596.5,6,41.61,4,10,1,31.28,3,3,7,7,0.8772743947874837,Critico
268,50268,23,Nordeste,83,158.09,3,12.76,11,4,2,20.42,2,2,5,6,0.8771580395817166,Critico
1767,51767,24,Norte,15,278.68,3,120.51,10,6,1,54.73,2,3,4,7,0.8771044386078206,Critico
903,50903,67,Sudeste,119,149.3,1,63.46,4,3,3,36.7,1,2,7,4,0.8766511021254715,Critico
385,50385,32,Nordeste,55,155.43,1,21.94,9,14,2,20.3,1,2,9,5,0.8764763170930743,Critico
2161,52161,18,Sudeste,117,660.3,6,51.57,7,4,2,32.19,1,4,6,6,0.8763237162744245,Critico
2163,52163,26,Sul,12,154.21,3,16.65,11,14,2,58.18,3,2,4,6,0.8758208425234729,Critico
1743,51743,67,Nordeste,96,300.5,3,17.53,1,8,4,50.43,2,1,6,3,0.8757600104684071,Critico
2262,52262,53,Sul,31,685.38,2,17.01,10,7,2,39.49,2,1,6,6,0.8755059674143988,Critico
2309,52309,20,Nordeste,72,151.87,2,11.27,9,13,2,32.5,3,1,9,5,0.8753488562146454,Critico
1535,51535,60,Sudeste,45,289.33,1,14.56,9,2,3,21.79,2,1,10,4,0.8750813607152667,Critico
911,50911,32,Nordeste,103,398.44,4,27.76,7,7,2,55.79,2,1,8,5,0.8747603905461789,Critico
2417,52417,60,Sul,76,34.42,1,11.2,7,6,2,32.08,3,2,9,5,0.8747122959823888,Critico
1342,51342,50,Norte,27,452.2,1,7.46,11,3,3,26.1,2,2,0,6,0.8746834676685066,Critico
3,50003,46,Nordeste,111,507.06,5,42.82,6,6,1,40.99,1,4,5,7,0.8746514446947199,Critico
1697,51697,45,Nordeste,52,347.52,3,10.79,2,13,3,17.34,1,3,4,5,0.8743618941342165,Critico
2296,52296,45,Sudeste,104,76.67,5,59.56,2,10,1,22.61,2,1,4,7,0.8742543991751884,Critico
2231,52231,25,Sudeste,112,461.41,5,109.28,1,11,3,42.34,2,0,7,4,0.8742355194107444,Critico
2350,52350,31,Sul,42,190.64,2,32.96,9,3,1,39.15,3,0,10,6,0.8738206875827799,Critico
1657,51657,68,Sudeste,116,177.39,4,44.7,10,8,3,34.29,2,2,8,4,0.8737303724164586,Critico
907,50907,40,Sul,37,180.12,3,7.45,6,6,2,14.12,1,2,5,6,0.8737141249701964,Critico
1572,51572,20,Sudeste,102,269.86,3,60.74,3,11,2,31.3,2,3,9,5,0.8736238306803781,Critico
1201,51201,42,Nordeste,48,1169.02,5,0.13,1,13,3,54.99,1,2,10,4,0.8735996835826695,Critico
1078,51078,21,Sudeste,25,163.0,3,10.68,9,9,3,28.27,2,0,4,5,0.87322500683455,Critico
2131,52131,30,Sudeste,114,1248.46,5,59.49,11,4,4,65.58,3,1,10,3,0.8727681556203761,Critico
2158,52158,27,Nordeste,92,431.56,2,10.09,11,14,3,36.02,2,0,8,4,0.8718534347689545,Critico
78,50078,68,Centro-Oeste,42,223.52,4,3.91,6,8,2,37.53,1,2,8,5,0.8714026163828458,Critico
1284,51284,58,Sul,81,154.68,5,66.43,7,12,4,29.59,1,1,1,4,0.871313628922918,Critico
575,50575,57,Sul,119,234.33,4,2.0,7,9,4,17.68,3,1,3,4,0.8711111871043423,Critico
509,50509,63,Sul,32,106.57,3,8.71,6,5,2,66.44,3,2,8,5,0.8709444717240132,Critico
1142,51142,19,Sudeste,44,608.86,5,31.55,10,5,4,25.96,2,1,10,3,0.8706116129958589,Critico
2124,52124,52,Nordeste,71,397.73,3,2.47,6,9,4,29.41,3,0,8,3,0.8705872647369549,Critico
1104,51104,63,Norte,11,193.62,3,41.32,8,10,3,55.43,3,1,2,5,0.870506661326208,Critico
757,50757,69,Sul,78,1471.44,4,14.66,8,7,3,42.78,3,3,3,6,0.8700732792310236,Critico
2359,52359,65,Norte,34,570.71,4,51.49,11,14,2,41.51,3,3,5,6,0.8700547762073251,Critico
2395,52395,40,Centro-Oeste,47,526.26,4,61.64,11,14,4,71.94,3,1,1,4,0.87004993075219,Critico
417,50417,66,Nordeste,25,335.86,6,7.82,5,8,3,38.42,1,1,3,5,0.8694317569161082,Critico
1610,51610,32,Centro-Oeste,41,93.09,3,41.18,6,2,1,26.47,2,5,5,7,0.8691829407149974,Critico
2236,52236,42,Sul,68,912.45,5,16.92,10,2,4,42.95,2,2,5,4,0.8689419972109103,Critico
673,50673,31,Sudeste,5,100.37,5,22.53,2,14,3,34.02,2,1,8,4,0.8688910691036574,Critico
725,50725,36,Sudeste,110,641.73,1,18.47,4,8,1,51.01,3,4,11,6,0.8688367699674335,Critico
1698,51698,55,Sul,14,303.39,6,91.29,2,14,3,36.04,1,1,7,4,0.8685162304705488,Critico
312,50312,57,Sul,118,392.74,5,41.08,2,3,3,55.88,3,1,2,5,0.8678478596827558,Critico
176,50176,67,Sudeste,32,411.16,4,7.72,2,2,2,41.54,2,2,10,5,0.8676739796538545,Critico
800,50800,67,Centro-Oeste,105,986.92,2,52.37,3,12,3,44.15,2,1,3,5,0.8675287184666873,Critico
654,50654,50,Sudeste,72,188.41,1,0.97,5,10,4,50.42,3,2,2,4,0.8673310151260877,Critico
2452,52452,35,Nordeste,52,477.56,3,53.1,4,14,1,28.06,3,4,11,6,0.867238820805321,Critico
1534,51534,23,Centro-Oeste,110,453.33,5,129.59,8,2,2,42.95,1,2,7,5,0.8670414147850551,Critico
579,50579,44,Centro-Oeste,67,237.97,4,8.39,6,14,3,30.49,2,1,2,5,0.8665428277958322,Critico
335,50335,47,Sudeste,2,468.18,5,31.94,8,5,3,47.9,3,2,5,5,0.8664269455193389,Critico
996,50996,53,Norte,114,410.4,2,22.5,6,9,1,47.41,1,3,8,6,0.8662359695988893,Critico
1969,51969,52,Norte,95,819.13,2,10.11,2,11,1,44.86,2,3,5,7,0.8657356411970274,Critico
1738,51738,54,Sudeste,48,229.26,6,39.0,7,2,0,44.62,1,5,1,9,0.8653189283196366,Critico
1922,51922,52,Centro-Oeste,27,181.23,1,19.73,3,9,4,28.6,2,0,6,3,0.8652466573472116,Critico
1706,51706,41,Centro-Oeste,8,168.43,5,43.05,7,9,2,39.44,2,2,8,5,0.8651977715541911,Critico
1412,51412,63,Centro-Oeste,16,314.4,6,17.94,3,14,1,43.41,2,3,4,7,0.8650113545138788,Critico
1781,51781,48,Centro-Oeste,65,452.56,2,16.88,5,13,3,46.51,2,2,7,4,0.8649003498411828,Critico
2348,52348,35,Sudeste,62,249.43,6,19.09,9,9,2,40.37,2,5,0,7,0.8644521581636453,Critico
240,50240,21,Sudeste,54,376.64,5,36.35,6,11,2,39.4,2,1,9,5,0.8639065778266587,Critico
2412,52412,35,Sul,114,228.08,4,37.01,7,14,3,39.1,1,1,1,5,0.8638444827898885,Critico
1550,51550,66,Norte,55,219.74,6,71.01,6,3,4,50.99,2,0,5,3,0.8636806689878318,Critico
807,50807,50,Sul,81,329.58,2,33.78,11,7,4,31.19,3,2,3,4,0.8635007091707942,Critico
2450,52450,54,Norte,27,56.94,3,14.17,4,9,3,40.11,3,2,7,4,0.8634914327516995,Critico
209,50209,28,Sudeste,41,552.04,3,3.86,7,9,3,45.32,2,1,9,4,0.8625167771782345,Critico
1929,51929,18,Norte,116,492.59,2,2.46,3,12,2,55.57,2,2,7,5,0.8619463720693958,Critico
802,50802,52,Sul,16,384.07,6,31.07,8,3,1,55.73,3,5,1,8,0.861475417101411,Critico
1904,51904,48,Sul,113,215.74,3,5.73,10,6,2,35.48,3,3,4,6,0.8610400439525929,Critico
2095,52095,24,Nordeste,56,429.21,1,67.98,8,2,2,25.87,1,2,9,5,0.861016686756948,Critico
503,50503,25,Sudeste,37,427.0,2,18.75,1,12,3,37.03,1,2,3,5,0.8603262482553709,Critico
572,50572,38,Sul,50,755.61,1,10.68,9,3,2,37.91,2,3,11,5,0.8600772597428088,Critico
1403,51403,20,Norte,60,179.58,1,76.07,5,3,2,34.17,3,3,8,5,0.859882896684893,Critico
19,50019,43,Sul,86,383.98,3,33.61,11,3,4,25.24,2,2,3,4,0.8589229562818971,Critico
2129,52129,24,Sudeste,39,544.17,6,60.98,7,9,3,27.71,3,2,10,4,0.8588936868073077,Critico
2150,52150,53,Nordeste,31,922.6,1,8.98,1,8,3,38.22,2,3,5,5,0.8583491879829519,Critico
1765,51765,18,Sudeste,60,391.99,6,17.51,10,12,2,21.15,3,3,11,5,0.858157836541,Critico
1216,51216,59,Sudeste,9,126.96,5,9.42,5,2,2,36.17,2,1,4,6,0.8580050653707075,Critico
2396,52396,65,Sul,46,275.69,3,36.94,10,13,3,45.27,1,3,2,5,0.8576155611987555,Critico
2438,52438,29,Centro-Oeste,117,202.43,4,4.8,10,4,3,25.72,3,0,7,4,0.856359377655514,Critico
1155,51155,37,Norte,114,168.86,1,49.22,1,4,1,62.68,2,3,11,5,0.8563543387456293,Critico
504,50504,59,Nordeste,28,182.5,3,64.83,2,6,3,43.46,1,2,6,4,0.8559405890232833,Critico
444,50444,48,Centro-Oeste,62,692.96,1,23.98,9,10,3,3.43,3,1,5,5,0.8558610970432243,Critico
284,50284,57,Norte,87,932.07,5,3.24,5,7,3,39.47,2,2,9,4,0.8558144025384972,Critico
1278,51278,44,Sul,29,397.87,4,16.18,1,6,3,34.26,2,1,3,5,0.8555313203932364,Critico
1260,51260,20,Norte,62,589.07,3,66.27,6,5,1,39.73,1,3,4,7,0.8554224430580953,Critico
2024,52024,59,Nordeste,73,732.03,4,5.86,6,6,0,25.16,1,4,7,8,0.8547304781498788,Critico
59,50059,33,Sul,108,385.42,5,13.86,2,2,3,52.49,2,3,2,5,0.8540167352640237,Critico
1086,51086,40,Nordeste,24,268.99,5,6.54,9,13,4,14.45,3,0,8,3,0.8532434746701941,Critico
1637,51637,40,Sul,16,555.7,3,3.58,11,14,3,33.07,3,3,0,6,0.852780497751328,Critico
2317,52317,37,Nordeste,33,733.45,2,16.67,4,2,1,30.35,2,5,2,8,0.8525913860698011,Critico
1129,51129,61,Sudeste,55,816.09,3,14.98,11,3,3,49.61,2,3,5,5,0.8523634417363268,Critico
373,50373,32,Sudeste,63,509.31,5,5.98,4,9,2,24.15,2,2,10,5,0.8521452249516351,Critico
1133,51133,35,Sudeste,2,288.05,4,6.01,2,3,2,51.08,2,3,4,6,0.852136158691525,Critico
1494,51494,55,Sudeste,114,395.99,5,1.23,5,9,2,40.41,2,1,8,5,0.8519157050335765,Critico
1215,51215,54,Centro-Oeste,65,600.72,3,11.79,11,11,1,48.42,1,4,9,6,0.8518807847056976,Critico
2489,52489,30,Nordeste,16,374.87,3,32.3,2,5,4,57.0,3,0,1,4,0.8517184435216656,Critico
2464,52464,69,Centro-Oeste,95,385.14,1,12.27,6,10,3,33.19,2,0,6,4,0.8515112134810888,Critico
2445,52445,51,Sudeste,89,132.83,1,48.84,1,11,2,21.01,3,2,3,6,0.8511654378036141,Critico
1978,51978,56,Centro-Oeste,80,599.17,4,4.89,10,7,1,41.45,2,1,4,7,0.8509849073473473,Critico
671,50671,38,Sudeste,32,150.8,4,10.32,11,7,2,54.76,2,2,8,5,0.8508582748513913,Critico
1127,51127,37,Sudeste,103,281.2,1,4.7,10,13,4,30.55,3,1,7,3,0.850639032807449,Critico
691,50691,58,Sul,89,237.2,6,17.28,3,9,3,35.43,1,1,6,4,0.8503938810666395,Critico
742,50742,65,Centro-Oeste,60,126.73,6,55.24,3,12,4,21.77,2,1,5,3,0.8501840086154315,Critico
274,50274,58,Norte,11,47.07,1,50.24,3,7,2,32.58,1,1,11,4,0.8492982673834653,Critico
437,50437,25,Sudeste,57,293.61,3,47.72,11,12,1,44.57,3,1,9,6,0.849229556183605,Critico
837,50837,66,Sudeste,109,995.58,2,7.05,6,8,1,49.77,3,2,11,6,0.8486831316213717,Critico
1244,51244,36,Nordeste,49,665.28,2,2.1,3,11,3,28.25,1,1,3,5,0.8480035913550218,Critico
2031,52031,55,Centro-Oeste,42,111.3,4,20.05,2,7,3,26.39,2,1,11,3,0.8476345173082354,Critico
2411,52411,40,Nordeste,16,850.46,6,52.95,8,6,3,13.24,2,3,1,6,0.8470579296975602,Critico
1634,51634,61,Sudeste,83,126.06,2,31.41,11,14,2,22.18,2,2,8,5,0.8464955142078088,Critico
1251,51251,35,Nordeste,50,264.52,6,7.37,6,13,3,40.89,3,1,2,5,0.8462438317462699,Critico
1025,51025,31,Centro-Oeste,24,239.0,2,16.32,2,14,3,22.79,1,1,6,4,0.8461120568320253,Critico
257,50257,21,Sul,69,282.06,1,15.93,9,9,4,32.41,2,0,11,2,0.84594042200344,Critico
1313,51313,31,Norte,102,140.0,4,26.97,4,3,2,34.58,1,2,1,6,0.8455372382068481,Critico
1328,51328,39,Nordeste,113,267.81,1,50.89,7,5,3,41.14,3,1,11,3,0.8447418670872591,Critico
2371,52371,36,Norte,52,1578.5,2,46.19,8,6,3,23.67,1,1,11,4,0.8445284351686673,Critico
640,50640,18,Norte,5,276.35,4,1.92,4,10,2,38.63,1,1,2,6,0.8442237816107347,Critico
584,50584,33,Nordeste,46,439.41,4,0.95,2,2,1,16.95,3,3,11,6,0.8434218611621194,Critico
1693,51693,69,Norte,41,316.67,4,9.8,10,12,3,41.49,2,0,11,3,0.8427331750643348,Critico
569,50569,60,Centro-Oeste,97,470.16,6,40.43,11,10,3,54.07,1,1,0,5,0.842001204194967,Critico
445,50445,37,Sudeste,53,259.08,3,75.25,1,4,1,50.81,3,2,3,7,0.8417445090238366,Critico
1764,51764,30,Nordeste,95,102.76,5,15.82,2,13,2,27.34,3,2,7,5,0.8417332911179284,Critico
1673,51673,66,Sudeste,12,737.43,1,23.05,7,3,2,2.62,2,2,7,6,0.841229183081745,Critico
2275,52275,57,Sudeste,13,616.79,3,25.92,8,5,1,27.96,1,3,1,8,0.8410375833010474,Critico
2461,52461,65,Centro-Oeste,58,259.67,4,35.88,5,11,1,14.02,3,3,9,6,0.8404829871508731,Critico
791,50791,55,Centro-Oeste,27,324.24,5,4.0,1,12,1,38.73,2,3,8,6,0.8404248385170349,Critico
1232,51232,54,Sul,103,238.92,4,28.67,6,9,3,40.98,3,1,11,3,0.8399752654984586,Critico
895,50895,21,Sul,51,381.61,3,23.81,5,13,3,35.79,2,2,7,4,0.8396036233885853,Critico
1571,51571,39,Sul,96,106.07,5,23.41,7,11,3,21.37,1,2,1,5,0.8390327941404447,Critico
682,50682,24,Norte,62,554.48,6,12.97,7,12,0,68.54,2,2,8,7,0.8387928445380565,Critico
351,50351,34,Centro-Oeste,71,286.19,6,0.06,5,5,2,49.0,1,2,11,4,0.8381582538512977,Critico
2472,52472,61,Norte,73,639.78,3,19.78,4,8,2,38.9,1,1,7,5,0.8381410443512198,Critico
2425,52425,24,Norte,43,881.02,6,29.34,11,8,4,42.09,3,1,8,3,0.837666374925465,Critico
1363,51363,60,Nordeste,95,55.61,2,26.26,3,14,3,20.22,1,2,5,4,0.8371784177973561,Critico
741,50741,58,Norte,43,50.93,5,33.78,6,4,3,35.93,2,0,10,3,0.8368363817722829,Critico
1163,51163,25,Centro-Oeste,42,161.36,4,17.76,3,7,3,34.63,2,3,6,4,0.8365105713622656,Critico
620,50620,20,Norte,6,809.01,6,30.3,3,14,3,45.6,1,1,7,4,0.8365020499180249,Critico
971,50971,41,Centro-Oeste,43,51.75,6,36.92,2,13,2,47.69,2,2,0,6,0.8363599667472873,Critico
1011,51011,56,Sudeste,15,237.82,1,44.05,3,8,4,47.95,2,0,5,3,0.8361044756346573,Critico
1683,51683,31,Nordeste,75,273.3,1,3.03,6,13,1,35.4,2,3,3,7,0.8358829459198278,Critico
1983,51983,52,Norte,111,794.83,1,28.86,4,9,2,34.73,2,3,3,6,0.8352506013456721,Critico
838,50838,21,Sudeste,1,286.72,1,33.24,3,7,3,33.52,2,0,7,4,0.8351909389792823,Critico
619,50619,45,Norte,26,144.9,2,31.47,9,13,2,30.39,1,1,11,4,0.8351375877156713,Critico
1539,51539,37,Sul,83,1111.05,5,91.4,9,6,2,42.64,3,2,5,6,0.8350571943201954,Critico
2033,52033,29,Sudeste,45,385.19,5,21.34,5,14,4,42.09,2,1,1,4,0.8348717205911059,Critico
1880,51880,38,Nordeste,26,496.26,3,33.99,10,14,3,45.66,2,2,2,5,0.8345140415804072,Critico
523,50523,18,Centro-Oeste,113,127.93,1,20.8,9,14,3,27.08,2,2,0,5,0.8344527713757443,Critico
864,50864,42,Centro-Oeste,44,322.78,2,12.25,11,6,2,43.98,2,2,2,6,0.8337190184179074,Critico
1202,51202,30,Norte,13,572.35,2,34.02,9,7,4,26.96,2,1,7,3,0.8335021618925172,Critico
1262,51262,40,Norte,86,172.68,1,39.48,2,10,1,29.51,1,2,6,6,0.8330938341067707,Critico
621,50621,39,Sudeste,62,143.57,5,75.76,6,2,2,52.09,2,1,11,4,0.832558695768767,Critico
1229,51229,65,Sudeste,60,761.74,3,75.54,3,11,1,47.38,2,3,9,6,0.8324341359950634,Critico
956,50956,25,Sul,8,715.9,2,10.06,9,7,2,25.35,3,3,6,6,0.8322472662758078,Critico
2050,52050,29,Norte,32,34.42,6,6.89,4,5,3,33.23,1,1,10,3,0.8322363711619319,Critico
662,50662,39,Sudeste,102,465.62,1,2.63,3,12,3,19.67,3,2,8,4,0.8322222003765013,Critico
191,50191,51,Norte,112,169.79,2,6.01,10,4,2,18.33,2,2,7,5,0.8320623792846776,Critico
1703,51703,44,Norte,38,275.71,2,44.99,1,5,2,28.46,2,3,2,6,0.8310561108314148,Critico
2491,52491,54,Norte,118,326.96,2,62.97,6,8,2,16.28,3,2,7,5,0.830694430951472,Critico
110,50110,37,Centro-Oeste,67,1182.28,4,31.07,3,10,2,41.96,2,2,4,6,0.8306929349542307,Critico
808,50808,43,Sul,111,179.58,2,16.25,1,5,2,68.97,1,2,9,4,0.8305937902757222,Critico
2036,52036,53,Sudeste,68,350.52,1,11.39,4,2,2,48.5,3,3,8,5,0.8305884029006325,Critico
2253,52253,61,Sul,52,80.93,5,39.04,4,7,2,46.99,2,3,6,5,0.8285307071463923,Critico
1636,51636,39,Norte,52,169.52,2,12.68,3,7,3,32.27,1,2,5,4,0.8284345588509321,Critico
2288,52288,35,Sudeste,80,418.01,3,3.68,6,4,2,36.99,3,0,8,5,0.8284018471475827,Critico
1532,51532,40,Centro-Oeste,34,595.57,4,3.81,9,14,3,43.9,1,1,6,4,0.8280319854892959,Critico
902,50902,36,Sul,92,282.15,4,26.43,1,10,2,40.96,1,0,10,4,0.8267713251428288,Critico
1987,51987,23,Centro-Oeste,39,367.96,2,15.12,5,12,2,33.31,2,3,7,5,0.8262132860197144,Critico
1665,51665,37,Norte,52,105.05,1,9.85,6,11,2,35.03,2,3,6,5,0.8255606619127609,Critico
223,50223,54,Norte,75,617.46,3,24.83,7,13,3,22.99,2,2,2,5,0.8254514059382966,Critico
1392,51392,56,Sudeste,20,321.25,4,18.22,3,6,3,62.65,3,1,6,4,0.8244463171701482,Critico
2168,52168,36,Nordeste,39,677.21,1,23.64,2,10,3,45.25,1,1,11,3,0.8241193569543686,Critico
1476,51476,38,Nordeste,111,585.43,3,18.34,11,6,3,44.05,2,0,11,3,0.8238941559610546,Critico
2074,52074,20,Centro-Oeste,88,391.66,4,22.93,1,12,2,25.72,2,1,11,4,0.8238891996040119,Critico
912,50912,41,Sudeste,116,233.15,6,12.3,5,2,4,37.59,2,1,0,4,0.8223737931987215,Critico
4,50004,52,Centro-Oeste,117,302.19,2,19.58,9,5,2,35.24,3,1,11,4,0.8223277845897492,Critico
360,50360,56,Sudeste,52,28.27,3,30.59,4,13,3,37.13,3,0,10,3,0.8222953485459408,Critico
1545,51545,48,Centro-Oeste,119,1476.68,3,3.85,11,3,2,40.35,1,3,10,5,0.8214887378373205,Critico
367,50367,18,Centro-Oeste,70,45.74,3,3.66,10,2,2,44.48,1,2,10,4,0.8214866364287364,Critico
311,50311,36,Norte,92,343.2,4,42.07,1,14,2,62.34,1,0,3,5,0.8206797211283708,Critico
1854,51854,54,Nordeste,107,939.01,2,49.17,4,14,4,33.28,2,1,1,4,0.8205915895778245,Critico
2323,52323,49,Centro-Oeste,2,404.4,6,30.7,8,9,3,28.47,3,1,7,4,0.8205183183107623,Critico
1205,51205,67,Sul,6,752.2,2,86.4,5,13,4,37.27,1,2,1,4,0.8203001036758509,Critico
1582,51582,46,Centro-Oeste,106,244.61,5,10.78,5,8,2,27.99,3,1,11,4,0.8202012567477036,Critico
88,50088,66,Nordeste,82,535.69,3,33.85,5,12,3,41.93,1,1,5,4,0.8194275422806676,Critico
490,50490,20,Nordeste,63,480.86,6,78.88,5,9,1,53.38,2,3,7,6,0.8193824588279095,Critico
2246,52246,68,Sul,118,352.41,6,46.65,2,2,2,29.6,1,2,11,4,0.8192820674460364,Critico
1473,51473,40,Nordeste,48,655.41,3,41.85,10,6,4,28.99,2,2,2,4,0.8190484096411818,Critico
2128,52128,34,Centro-Oeste,14,859.92,6,133.02,10,13,4,37.92,3,0,1,4,0.8188925451921976,Critico
1756,51756,32,Nordeste,47,309.48,5,16.74,3,2,1,63.92,1,2,11,5,0.8188268019493588,Critico
1166,51166,38,Sul,116,115.53,6,0.75,11,11,2,23.55,2,0,11,4,0.818453320058453,Critico
1835,51835,44,Centro-Oeste,86,61.68,4,29.44,2,11,2,28.64,2,3,5,5,0.8180121919846883,Critico
1410,51410,64,Sul,47,107.16,6,1.39,6,13,3,27.14,3,1,11,3,0.8177521104524437,Critico
2279,52279,44,Sul,95,340.32,6,78.89,3,4,1,53.0,3,4,7,6,0.8176363137688679,Critico
1604,51604,64,Norte,112,157.66,1,0.3,8,12,2,40.78,1,1,4,5,0.8173312059165835,Critico
1397,51397,22,Sul,40,437.56,4,22.68,6,12,3,31.6,1,1,11,3,0.8170237623085794,Critico
277,50277,68,Centro-Oeste,30,122.91,4,29.2,8,2,2,44.45,3,2,11,4,0.8170153287411381,Critico
1467,51467,51,Sudeste,15,1070.81,3,68.36,10,4,2,32.49,3,2,11,5,0.8169160174298135,Critico
2006,52006,57,Sudeste,44,386.87,3,0.6,4,9,3,36.63,1,1,11,3,0.816500874648986,Critico
2001,52001,38,Sul,36,399.95,6,2.85,4,4,0,42.29,1,4,9,7,0.8163987447768746,Critico
379,50379,24,Norte,110,446.74,4,66.49,1,8,2,42.94,1,0,9,4,0.8162778284278563,Critico
1449,51449,43,Norte,109,324.93,6,0.36,11,10,4,11.57,1,1,0,4,0.815418944765169,Critico
2331,52331,63,Centro-Oeste,6,61.75,4,81.68,6,14,1,62.32,3,3,10,5,0.815371943533969,Critico
1648,51648,44,Sul,31,574.18,1,8.43,10,5,4,37.68,1,1,6,3,0.8149906755705189,Critico
1614,51614,50,Norte,85,263.38,1,0.28,6,9,2,38.38,1,2,5,5,0.8142970471059789,Critico
227,50227,27,Centro-Oeste,113,894.62,6,36.6,8,11,4,38.24,1,1,0,4,0.8137339548362617,Critico
585,50585,60,Centro-Oeste,99,670.5,5,14.19,7,12,4,27.37,3,2,1,4,0.8137270972519088,Critico
1346,51346,18,Sudeste,102,62.54,4,43.26,7,6,2,17.98,3,2,7,5,0.8133477591933841,Critico
1928,51928,22,Nordeste,20,560.06,5,2.76,5,2,4,16.11,1,1,2,4,0.8133344889367651,Critico
2304,52304,22,Norte,19,307.3,6,7.7,7,9,3,20.07,1,1,6,4,0.8131714353350511,Critico
995,50995,29,Sudeste,45,167.31,1,23.04,10,5,2,46.22,1,2,11,4,0.8126343113829672,Critico
1282,51282,32,Sul,43,308.77,2,6.1,7,14,3,42.5,2,0,5,4,0.8125225996785987,Critico
246,50246,41,Sul,74,260.98,2,69.67,9,14,1,17.57,3,3,8,6,0.8124655754473067,Critico
2380,52380,37,Nordeste,51,689.71,6,28.16,11,12,1,42.06,3,2,9,6,0.8124202918843313,Critico
2191,52191,64,Centro-Oeste,20,437.14,3,4.83,11,8,3,34.23,1,2,1,5,0.8124089022635805,Critico
832,50832,33,Nordeste,59,245.0,3,0.41,6,4,2,51.43,2,3,6,5,0.8101639754558493,Critico
2454,52454,49,Sudeste,103,1027.38,6,14.25,7,12,3,40.93,1,0,7,4,0.8101166054270175,Critico
2203,52203,32,Nordeste,37,309.42,5,12.45,9,11,1,43.55,1,3,7,6,0.8094276235437122,Critico
1809,51809,18,Centro-Oeste,24,139.8,1,12.35,6,11,3,28.03,2,2,0,5,0.8093800076068693,Critico
1687,51687,48,Sul,26,775.91,6,21.91,11,6,4,49.15,3,1,2,4,0.808443283106259,Critico
1177,51177,32,Centro-Oeste,90,357.3,3,3.7,10,9,4,42.53,1,0,3,3,0.8080876155235353,Critico
2470,52470,54,Sudeste,11,600.03,3,3.07,9,5,1,24.73,1,3,5,7,0.807963956232445,Critico
1022,51022,41,Nordeste,65,617.05,5,45.43,11,13,1,37.72,1,4,3,7,0.8078913357965047,Critico
1871,51871,33,Sudeste,46,497.13,3,0.52,3,13,2,27.68,1,1,2,6,0.8061190681105543,Critico
1393,51393,67,Norte,102,525.26,4,3.34,11,8,3,13.24,1,1,11,3,0.8057784125074274,Critico
1009,51009,67,Sudeste,43,1048.14,4,5.75,6,10,4,42.07,1,1,7,3,0.8057542337377857,Critico
747,50747,67,Sul,116,218.79,1,17.39,11,9,3,35.44,2,3,0,5,0.8056826335864986,Critico
2394,52394,58,Sudeste,117,245.35,3,16.57,6,5,3,39.75,1,0,4,4,0.8055825496708774,Critico
613,50613,69,Norte,93,683.92,1,11.75,11,5,1,46.89,2,1,2,7,0.8053406528754913,Critico
259,50259,19,Centro-Oeste,10,722.59,1,13.43,1,12,3,21.72,2,2,2,5,0.8051695454587435,Critico
1224,51224,65,Sudeste,113,283.62,6,133.64,8,4,1,28.63,1,2,11,5,0.8050885885944059,Critico
2016,52016,48,Norte,31,28.5,4,3.17,1,7,4,36.46,2,1,3,3,0.8046730715675321,Critico
774,50774,41,Sudeste,76,217.9,5,9.85,5,9,3,21.86,3,0,6,4,0.8039255778717783,Critico
2038,52038,30,Sudeste,17,354.6,5,32.14,5,8,3,54.52,3,2,11,3,0.8038939404090967,Critico
455,50455,26,Sul,24,313.93,4,33.75,5,12,3,53.5,1,1,4,4,0.8036197656311196,Critico
1741,51741,22,Centro-Oeste,115,558.16,3,30.92,1,5,2,28.02,3,1,11,4,0.8027070152384529,Critico
868,50868,45,Centro-Oeste,20,35.78,5,52.6,5,4,1,17.44,1,2,11,5,0.8026157758005127,Critico
144,50144,19,Sudeste,16,1054.32,6,6.6,9,2,2,32.39,3,5,2,7,0.8019995338531816,Critico
702,50702,64,Nordeste,74,588.11,5,24.81,2,14,2,20.23,2,2,7,5,0.8018116779376193,Critico
863,50863,62,Nordeste,75,294.55,5,4.5,11,9,3,38.69,2,1,10,3,0.8012471884297395,Critico
1332,51332,41,Nordeste,43,586.65,4,45.95,4,11,2,33.25,3,1,2,6,0.8012259791276418,Critico
1989,51989,28,Sul,95,533.7,6,31.85,5,2,3,30.66,2,1,11,3,0.8012130082837523,Critico
115,50115,35,Centro-Oeste,71,96.54,3,28.25,2,2,2,56.28,1,2,3,5,0.800699499886536,Critico
882,50882,45,Centro-Oeste,118,599.88,3,6.49,1,11,3,27.4,1,0,4,4,0.8003835550987902,Critico
2330,52330,53,Nordeste,88,197.32,5,22.76,6,3,3,29.48,1,0,9,3,0.8002232839179678,Critico
518,50518,34,Nordeste,66,165.88,3,19.29,5,11,3,41.46,3,0,9,3,0.8001035177121805,Critico
600,50600,30,Sudeste,115,446.05,1,8.72,5,13,3,10.23,3,2,2,5,0.8000098251425972,Critico
587,50587,22,Nordeste,17,629.21,3,4.53,7,8,4,41.62,2,2,1,4,0.7999772520928866,Critico
1695,51695,37,Sudeste,90,587.13,1,7.56,5,14,2,31.84,3,4,3,6,0.7996173752045876,Critico
2121,52121,34,Sudeste,87,176.71,4,24.92,3,13,1,15.82,3,4,3,7,0.7995832739045448,Critico
1671,51671,67,Sudeste,107,364.16,4,77.68,8,2,3,61.51,2,2,4,4,0.7995373931391591,Critico
1438,51438,27,Centro-Oeste,70,323.7,1,1.81,10,4,0,49.08,3,5,3,8,0.7994148514868218,Critico
1570,51570,44,Norte,52,114.65,1,28.48,2,8,3,48.27,2,2,3,4,0.7991543114799075,Critico
1283,51283,52,Nordeste,116,148.25,5,37.57,8,3,1,29.75,2,2,1,7,0.7987157178606419,Critico
962,50962,37,Nordeste,21,401.34,3,18.68,4,12,3,51.28,3,1,0,5,0.7981972318560603,Critico
132,50132,63,Nordeste,29,640.32,1,3.91,5,9,3,46.03,1,0,0,5,0.797262474075984,Critico
1773,51773,44,Sul,51,711.9,5,80.08,11,10,1,42.64,2,3,8,6,0.7970738237985656,Critico
95,50095,39,Centro-Oeste,112,531.95,1,51.91,7,13,3,51.81,2,1,8,3,0.7957318805436203,Critico
1073,51073,68,Nordeste,23,266.94,2,26.84,7,6,2,41.4,1,1,10,4,0.7955699071651781,Critico
1302,51302,42,Nordeste,32,427.42,4,14.98,8,6,2,27.84,1,3,7,5,0.795300327771143,Critico
1383,51383,36,Nordeste,5,357.08,2,5.38,8,12,1,59.96,1,3,6,6,0.794862740173701,Critico
1992,51992,46,Sudeste,113,351.66,6,20.89,6,11,2,58.14,1,1,9,4,0.794589410710326,Critico
547,50547,41,Nordeste,101,187.27,2,10.62,5,6,2,37.77,1,1,9,4,0.7933278548492552,Critico
1661,51661,31,Nordeste,72,135.56,1,15.66,1,4,1,40.94,2,1,0,7,0.7929611059983341,Critico
592,50592,27,Sul,99,107.11,1,52.64,2,10,3,44.49,1,1,7,3,0.7928860997831898,Critico
194,50194,20,Sul,106,594.58,2,33.9,11,2,3,15.49,2,2,7,4,0.7925844186555093,Critico
1422,51422,63,Sul,103,222.54,2,63.18,2,8,2,19.64,2,2,5,5,0.7924574152085432,Critico
204,50204,21,Sudeste,18,90.99,1,16.18,9,9,3,45.33,3,1,5,4,0.792391709561853,Critico
1793,51793,26,Sul,25,317.21,3,4.52,8,8,0,31.63,3,3,4,8,0.7920160505225115,Critico
1920,51920,69,Centro-Oeste,109,208.31,2,0.46,2,12,2,38.89,2,0,8,4,0.7918130593064326,Critico
9,50009,40,Sul,60,121.56,3,91.95,6,6,3,24.88,2,1,9,3,0.7917353819510571,Critico
2266,52266,66,Centro-Oeste,79,290.63,1,16.14,5,7,3,47.3,2,1,3,4,0.7916433813841173,Critico
2005,52005,34,Sudeste,4,1342.93,2,14.83,4,6,2,40.46,2,1,10,5,0.7909801783910321,Critico
249,50249,35,Sul,22,321.82,3,30.58,5,9,3,38.71,3,0,5,4,0.7904024712072127,Critico
2069,52069,56,Nordeste,7,501.43,5,66.56,2,14,3,23.44,1,1,5,4,0.7897619903192967,Critico
2442,52442,55,Sudeste,118,791.94,5,30.78,3,8,3,18.05,2,2,7,4,0.7894306678246118,Critico
1711,51711,20,Sudeste,56,273.02,2,5.68,1,14,2,35.27,3,2,6,5,0.7892192484532049,Critico
435,50435,44,Norte,100,267.66,1,76.87,10,5,3,59.97,2,1,7,3,0.7885300001236173,Critico
765,50765,66,Norte,54,1152.0,6,32.08,8,4,4,57.77,3,1,1,4,0.7883818133154036,Critico
2427,52427,22,Sul,18,144.01,1,12.94,6,2,2,62.52,3,2,10,4,0.7883598351724392,Critico
63,50063,48,Norte,9,785.3,6,3.17,10,12,1,39.0,2,1,8,6,0.7881001290616204,Critico
936,50936,38,Centro-Oeste,101,592.09,1,69.36,1,6,1,38.76,3,3,11,5,0.7879331280996554,Critico
1646,51646,24,Norte,94,313.25,1,3.01,7,6,1,34.23,2,3,11,5,0.7877194046073331,Critico
286,50286,58,Norte,113,272.71,1,29.73,2,6,3,58.5,2,2,2,4,0.7875171627577846,Critico
2361,52361,45,Centro-Oeste,42,897.72,6,10.46,10,4,0,44.64,3,4,0,9,0.7874824725189645,Critico
1913,51913,40,Sudeste,54,691.21,6,3.67,4,8,2,60.21,1,2,6,5,0.7873680837571307,Critico
349,50349,35,Norte,14,199.86,6,35.78,8,3,4,32.52,3,0,4,3,0.7867991313356444,Critico
1225,51225,49,Sudeste,8,350.65,4,29.65,9,14,1,42.95,3,4,8,6,0.7864987649880543,Critico
2256,52256,23,Centro-Oeste,4,320.58,5,17.96,10,10,3,36.7,2,2,0,5,0.7855192429761082,Critico
250,50250,20,Norte,117,811.98,6,45.07,2,2,2,36.62,1,0,5,5,0.7845770970210615,Critico
1600,51600,34,Centro-Oeste,7,1047.21,4,20.75,6,10,2,46.66,1,2,7,5,0.7842838386229848,Critico
694,50694,41,Sul,72,466.8,6,2.57,11,4,3,38.84,3,1,6,4,0.7841104411752905,Critico
2162,52162,18,Sudeste,105,396.01,1,112.15,4,13,2,44.93,2,2,9,4,0.783868765723125,Critico
456,50456,58,Centro-Oeste,111,1037.66,6,9.09,3,13,1,37.71,1,3,7,6,0.7832279266022558,Critico
731,50731,27,Sul,80,198.23,4,19.88,6,11,3,62.25,1,1,2,4,0.7829111599202124,Critico
75,50075,61,Sudeste,24,463.79,3,2.08,5,10,1,35.79,3,2,8,6,0.7828870699107896,Critico
1150,51150,63,Centro-Oeste,102,147.8,6,12.51,3,13,3,26.47,1,0,7,3,0.7824352117508673,Critico
364,50364,55,Norte,92,403.89,6,25.48,10,13,1,29.91,1,4,1,7,0.7820177545930675,Critico
842,50842,29,Sudeste,27,238.96,5,7.33,7,3,2,40.61,3,3,2,6,0.7818872896992587,Critico
1315,51315,29,Sudeste,74,281.99,3,75.82,1,7,5,43.62,3,0,2,2,0.7812249177889715,Critico
1973,51973,56,Centro-Oeste,63,419.32,3,6.0,8,3,4,43.58,2,0,3,3,0.7810346013435964,Critico
2455,52455,27,Sudeste,1,631.87,3,13.34,5,7,3,43.83,2,0,1,5,0.7802617130922929,Critico
468,50468,50,Norte,100,90.48,6,18.36,9,14,2,52.33,1,1,7,4,0.7802554261128193,Critico
1234,51234,65,Norte,104,235.09,3,0.25,3,10,2,40.49,2,0,8,4,0.7801098081857974,Critico
1301,51301,19,Centro-Oeste,61,552.92,5,22.51,3,4,1,43.12,3,4,7,6,0.7801066441917207,Critico
60,50060,61,Nordeste,21,1014.41,4,16.82,11,11,5,31.57,2,1,1,3,0.7800605102253354,Critico
1859,51859,53,Centro-Oeste,72,728.57,3,31.13,5,8,1,51.31,2,3,11,5,0.7784061909086262,Critico
1813,51813,63,Centro-Oeste,55,657.9,1,112.83,3,8,4,37.82,1,0,2,3,0.7776544380915824,Critico
2013,52013,43,Sul,115,199.51,5,2.52,4,8,1,41.86,3,1,10,5,0.7776195328225384,Critico
2308,52308,40,Nordeste,6,1113.42,2,3.15,2,14,2,53.98,3,3,3,6,0.7768273172984589,Critico
844,50844,53,Norte,104,678.18,4,28.51,5,9,2,35.02,2,1,10,4,0.7765694641484364,Critico
2458,52458,34,Sudeste,38,1094.1,4,16.76,11,8,3,26.51,3,1,4,5,0.7765063465771291,Critico
1267,51267,62,Sul,49,37.17,5,52.52,6,9,3,26.22,1,1,8,3,0.7761991418954909,Critico
938,50938,37,Sudeste,4,216.05,2,8.62,1,9,3,47.71,2,1,4,4,0.7759896027407083,Critico
222,50222,41,Sudeste,5,853.88,1,35.43,2,7,1,31.06,2,3,4,7,0.7748081692155643,Critico
2174,52174,60,Centro-Oeste,99,334.15,2,1.42,9,10,2,46.29,2,3,4,5,0.7746613220180517,Critico
1345,51345,39,Nordeste,92,280.49,4,53.47,11,5,1,19.68,2,1,11,5,0.7742911409549292,Critico
1788,51788,22,Sul,98,288.6,5,29.35,1,13,3,37.36,2,1,3,4,0.7742409486238325,Critico
1872,51872,41,Nordeste,33,1101.33,2,6.35,7,3,2,27.81,1,4,4,6,0.7739418537358016,Critico
1139,51139,19,Sul,20,357.92,6,0.24,10,10,2,45.67,3,1,11,4,0.7738684328639974,Critico
1005,51005,45,Nordeste,15,819.32,5,26.25,6,5,1,42.99,1,4,3,7,0.7733310571613164,Critico
425,50425,49,Nordeste,105,297.92,1,4.48,7,4,1,27.89,3,1,11,5,0.7731980770655683,Critico
1778,51778,69,Nordeste,93,110.52,2,181.97,4,5,2,56.5,3,3,2,5,0.7731529807493455,Critico
961,50961,30,Centro-Oeste,73,725.38,1,47.8,7,6,5,40.9,1,0,2,2,0.7731105573661019,Critico
717,50717,35,Norte,108,843.11,5,3.37,3,2,2,48.89,3,2,11,4,0.7728193111410938,Critico
550,50550,38,Sul,112,697.48,3,25.55,6,14,2,16.68,1,2,11,4,0.7724303448591557,Critico
1020,51020,59,Nordeste,35,23.06,6,52.52,9,6,2,16.46,1,3,5,5,0.7721333890591007,Critico
1036,51036,18,Sudeste,61,1000.58,6,40.24,4,10,1,36.9,1,2,8,6,0.771735352162078,Critico
1864,51864,19,Norte,101,419.88,5,12.34,1,7,3,46.93,1,0,2,4,0.7716007374915251,Critico
432,50432,45,Sul,19,881.11,4,1.13,4,13,5,16.81,1,0,5,2,0.7714071083292678,Critico
322,50322,43,Centro-Oeste,88,161.48,6,78.41,8,13,4,49.84,1,1,0,3,0.7713841494337849,Critico
534,50534,69,Norte,47,270.58,1,0.39,11,14,5,36.89,3,0,7,1,0.7710543876293552,Critico
1748,51748,30,Sudeste,64,282.05,3,49.07,8,10,3,42.68,2,2,4,4,0.7709705481656872,Critico
1791,51791,33,Centro-Oeste,2,892.36,3,31.72,11,2,3,35.06,3,1,7,4,0.7703205420250872,Critico
8,50008,60,Sul,37,428.76,4,29.54,10,11,5,44.5,1,0,2,2,0.7702460994202789,Critico
289,50289,41,Sudeste,82,1273.41,3,0.27,4,2,5,17.28,2,0,2,3,0.7699198684126469,Critico
1407,51407,25,Sudeste,99,74.8,1,14.54,2,9,3,24.86,2,0,8,3,0.7697345779638518,Critico
183,50183,41,Sudeste,104,24.0,6,85.49,10,5,2,29.58,3,0,9,4,0.7691489921117818,Critico
164,50164,26,Sul,107,644.58,4,3.56,3,10,1,33.05,1,2,1,7,0.7677920630070089,Critico
1300,51300,61,Nordeste,21,247.93,3,13.55,3,4,2,46.58,1,2,4,5,0.7671570865809672,Critico
271,50271,59,Nordeste,80,79.93,2,129.11,6,2,4,27.59,1,1,1,3,0.7666747604266844,Critico
1659,51659,38,Centro-Oeste,109,501.54,4,43.72,10,2,2,28.64,2,2,5,5,0.7665087032965434,Critico
1095,51095,65,Sudeste,10,1089.9,2,9.48,2,14,1,29.37,2,5,5,7,0.7663181520863132,Critico
279,50279,62,Sudeste,75,312.27,2,41.73,11,8,1,45.84,2,4,1,7,0.7661278378826496,Critico
1886,51886,53,Norte,55,443.93,2,44.28,3,2,2,27.08,2,2,0,6,0.7658532618068097,Critico
508,50508,38,Norte,73,973.75,6,14.22,10,3,4,22.49,2,1,1,4,0.7654997834969829,Critico
910,50910,37,Centro-Oeste,18,483.13,5,40.22,7,2,3,38.02,3,2,0,5,0.7636453868657073,Critico
1797,51797,68,Sudeste,119,559.41,3,81.77,9,12,3,50.28,2,1,8,3,0.7623484300161247,Critico
1107,51107,60,Centro-Oeste,3,81.77,2,30.91,10,9,2,41.66,3,2,9,4,0.7621848538917215,Critico
1167,51167,56,Centro-Oeste,46,104.07,2,17.14,3,4,3,24.67,3,0,8,3,0.7621254419152634,Critico
139,50139,22,Nordeste,92,155.32,4,4.24,11,13,2,49.59,2,1,8,4,0.7609319863988375,Critico
310,50310,60,Nordeste,8,170.39,3,23.19,8,6,2,40.78,3,2,0,6,0.760828274574539,Critico
290,50290,46,Sudeste,10,321.49,1,96.07,7,9,2,51.48,1,3,4,5,0.7605425796004684,Critico
167,50167,19,Sudeste,57,602.2,2,6.77,10,13,2,51.97,3,2,11,4,0.7605042101513921,Critico
107,50107,41,Sul,85,350.94,6,0.36,9,9,1,46.38,1,3,10,5,0.7580763046064489,Critico
2217,52217,35,Norte,37,106.19,6,67.64,8,5,2,30.83,1,1,8,4,0.7578178167457421,Critico
653,50653,22,Centro-Oeste,32,382.72,5,52.5,2,4,3,55.87,1,2,2,4,0.7573089121737844,Critico
692,50692,21,Sudeste,4,68.73,6,39.5,11,9,2,45.93,3,2,5,5,0.7565860787806499,Critico
1106,51106,52,Sudeste,116,110.48,2,30.15,5,2,2,19.39,1,2,4,5,0.756561207065073,Critico
1912,51912,69,Sudeste,105,466.79,6,0.55,2,9,3,33.27,2,1,9,3,0.7564725861936494,Critico
334,50334,32,Norte,46,150.41,6,0.05,10,6,3,24.36,1,0,3,4,0.7564453231269579,Critico
1930,51930,58,Norte,11,1396.51,6,16.52,8,3,3,62.57,3,1,7,4,0.7560947219460565,Critico
2459,52459,23,Nordeste,12,204.18,1,7.13,1,9,2,31.3,1,2,4,5,0.7559861434905966,Critico
1616,51616,47,Centro-Oeste,113,747.45,3,37.37,11,6,3,34.84,2,1,4,4,0.7556830947023917,Critico
1526,51526,49,Centro-Oeste,89,14.58,3,2.02,3,14,1,48.92,1,3,2,6,0.7555830626895279,Critico
2014,52014,28,Sudeste,39,498.08,5,28.99,7,12,3,40.71,1,1,9,3,0.7548640077861297,Critico
2055,52055,44,Norte,86,835.91,3,0.06,6,5,2,45.96,2,1,10,4,0.7544221140831496,Critico
2393,52393,44,Nordeste,102,133.53,1,3.26,6,3,1,29.18,3,2,10,5,0.7535639000003818,Critico
1629,51629,47,Norte,96,264.58,2,40.84,8,7,4,48.75,1,0,5,2,0.7530928002142632,Critico
2320,52320,67,Sudeste,111,422.86,5,33.25,3,14,2,43.08,1,1,8,4,0.7529381228452497,Critico
552,50552,37,Sudeste,49,721.41,6,9.43,7,2,2,63.28,1,1,10,4,0.7528899293004172,Critico
2384,52384,18,Sul,60,116.2,1,18.8,1,3,2,37.16,3,2,4,5,0.7525725184092826,Critico
655,50655,67,Norte,57,240.42,5,33.38,4,4,1,53.53,1,2,8,5,0.7524603665029891,Critico
1863,51863,31,Sudeste,23,186.4,6,7.49,10,10,0,45.41,3,3,7,7,0.7504977232837402,Critico
719,50719,20,Centro-Oeste,34,374.01,2,15.1,5,7,3,32.15,2,0,8,3,0.7498676851728939,Alto
1182,51182,34,Norte,18,256.38,4,22.47,6,10,2,3.55,1,2,10,4,0.7491860210067499,Alto
2042,52042,28,Nordeste,36,423.06,5,0.62,10,6,1,31.59,1,2,11,5,0.7489899904775882,Alto
501,50501,60,Sul,62,414.12,2,20.7,2,12,1,41.65,3,2,10,5,0.7482193132558534,Alto
1794,51794,23,Sul,14,618.52,6,10.18,1,10,3,35.73,2,2,0,5,0.748119344713154,Alto
1555,51555,62,Sudeste,19,549.62,1,3.84,6,9,1,41.44,1,2,11,5,0.7477012522027728,Alto
1642,51642,32,Nordeste,71,350.01,2,14.61,9,6,2,35.32,1,2,9,4,0.7475995544001373,Alto
528,50528,42,Nordeste,105,249.4,4,19.76,3,14,3,12.01,2,1,3,4,0.7469928128141995,Alto
123,50123,34,Nordeste,69,195.24,5,28.31,1,5,4,30.12,3,0,2,3,0.7455118464367435,Alto
2195,52195,64,Sudeste,91,943.87,2,72.92,11,11,2,48.08,3,2,1,6,0.7452815239821698,Alto
1746,51746,27,Centro-Oeste,80,170.07,6,2.89,3,11,2,40.61,1,2,7,4,0.7452729442100795,Alto
1547,51547,65,Sul,22,1219.79,1,102.07,9,12,1,11.63,1,4,9,6,0.7448898125577119,Alto
1469,51469,22,Sudeste,32,192.77,6,27.24,11,11,2,31.48,3,4,1,6,0.7447384730274133,Alto
2209,52209,22,Nordeste,79,412.31,1,115.2,7,8,3,20.64,2,1,3,4,0.7447184486720125,Alto
761,50761,59,Norte,53,686.0,1,0.04,3,9,2,40.03,3,2,5,5,0.7440593262875034,Alto
433,50433,19,Norte,69,104.17,2,68.96,2,10,1,39.26,1,2,7,5,0.7430467894671409,Alto
2248,52248,67,Sul,22,1231.91,5,27.43,7,10,1,67.91,3,4,8,6,0.7426745498352509,Alto
2420,52420,23,Norte,29,455.48,5,35.97,4,9,3,28.94,1,1,3,4,0.742496665572212,Alto
479,50479,20,Nordeste,1,802.7,2,27.14,8,10,3,42.35,2,1,5,4,0.7422522599863406,Alto
1486,51486,40,Sul,40,298.99,3,4.58,9,7,2,24.98,1,3,5,5,0.7420513115496427,Alto
13,50013,65,Centro-Oeste,85,588.28,6,12.54,5,11,2,28.67,2,1,9,4,0.7408098900563894,Alto
1292,51292,27,Sudeste,16,281.76,4,33.18,11,12,2,19.95,2,3,1,6,0.7406679391940478,Alto
1728,51728,29,Norte,20,378.44,3,17.91,5,4,2,51.37,2,0,8,4,0.7406411788392937,Alto
1419,51419,38,Sul,8,702.2,3,4.21,6,5,1,38.38,2,2,2,7,0.7404998517013447,Alto
499,50499,59,Sul,116,357.75,4,11.4,4,5,1,44.72,2,2,4,6,0.7404627524712908,Alto
181,50181,59,Centro-Oeste,26,245.56,6,21.38,6,5,2,36.76,3,2,9,4,0.7387019531181488,Alto
1639,51639,25,Sul,25,346.06,1,30.22,1,4,4,13.34,1,1,3,3,0.7375725247990937,Alto
216,50216,21,Norte,51,181.12,4,22.57,3,14,0,37.45,2,2,9,6,0.7375094364487484,Alto
1076,51076,54,Sul,7,681.77,3,22.47,3,12,1,40.11,2,2,6,6,0.7374732150239625,Alto
205,50205,29,Norte,59,288.44,5,48.39,6,7,4,31.23,3,1,2,3,0.7369732504135644,Alto
799,50799,40,Sul,68,55.54,5,71.45,3,4,2,52.16,2,3,2,5,0.7362250444967438,Alto
649,50649,63,Nordeste,16,825.63,4,19.12,2,5,3,33.98,2,1,10,3,0.736224359697932,Alto
1056,51056,44,Nordeste,59,142.73,2,8.91,6,7,2,40.64,1,0,7,4,0.735817380954725,Alto
526,50526,24,Sul,26,135.14,6,0.43,9,14,0,46.39,1,4,10,6,0.7347629377705005,Alto
821,50821,25,Norte,98,547.68,2,8.1,4,13,2,52.91,3,2,8,4,0.7346973538450992,Alto
1338,51338,68,Nordeste,1,762.89,4,104.76,4,12,1,48.96,2,2,10,5,0.7346809749587402,Alto
764,50764,23,Sul,103,1094.43,4,36.53,11,14,2,47.86,3,2,11,4,0.7339128314850732,Alto
2456,52456,34,Sul,16,195.17,1,42.58,3,12,2,76.13,2,1,11,3,0.7332174478829334,Alto
1568,51568,28,Nordeste,114,408.58,3,24.81,10,3,3,41.4,3,1,8,3,0.7330022946065942,Alto
1729,51729,65,Centro-Oeste,95,219.11,3,27.38,5,9,1,20.5,2,0,8,5,0.7318115247339886,Alto
2075,52075,64,Centro-Oeste,16,496.66,1,33.57,6,11,1,22.2,1,3,10,5,0.7317433390622766,Alto
1401,51401,68,Sudeste,65,144.49,3,96.15,10,6,3,42.59,1,0,6,3,0.7311039510020381,Alto
293,50293,64,Norte,107,290.94,6,7.76,5,4,3,42.48,1,1,1,4,0.7306197997093518,Alto
1309,51309,30,Sul,42,386.9,6,8.84,1,3,2,33.7,1,2,9,4,0.7299065190031226,Alto
2210,52210,20,Nordeste,74,278.49,6,26.36,9,2,3,49.74,1,2,2,4,0.7297733623214612,Alto
630,50630,50,Norte,10,345.45,5,37.84,3,12,2,32.45,1,2,3,5,0.7297442831449298,Alto
1574,51574,28,Sul,79,126.99,2,35.53,6,7,2,38.78,3,2,8,4,0.7292565423275261,Alto
1176,51176,24,Sudeste,1,539.02,6,16.34,1,14,2,44.91,1,1,9,4,0.7285475227833065,Alto
1305,51305,23,Sul,35,542.55,3,93.08,9,11,2,29.2,3,2,0,6,0.7284686536520739,Alto
1420,51420,63,Nordeste,7,54.96,3,7.99,7,6,3,48.07,1,0,6,3,0.7271429261409634,Alto
1991,51991,44,Centro-Oeste,8,909.62,4,0.77,11,10,2,31.37,2,1,11,4,0.7270992828672879,Alto
1732,51732,59,Sudeste,54,213.19,2,14.82,8,12,5,21.75,1,0,1,2,0.7267363626070905,Alto
2383,52383,32,Nordeste,74,553.97,3,10.81,10,10,3,17.59,3,2,0,5,0.7265985428510217,Alto
966,50966,37,Sudeste,113,310.47,6,20.03,5,12,2,32.04,1,2,3,5,0.72552631939715,Alto
1212,51212,46,Sul,75,319.81,4,23.55,2,5,3,37.66,1,2,2,4,0.7254673308102797,Alto
1725,51725,39,Norte,104,468.42,6,52.77,7,4,3,57.93,2,1,6,3,0.7254576787626301,Alto
1440,51440,59,Sudeste,24,48.24,6,15.61,9,13,3,34.29,3,1,8,3,0.7252563471710967,Alto
1415,51415,22,Sudeste,22,309.22,6,0.33,11,11,2,31.38,1,3,0,6,0.7249751189488753,Alto
660,50660,64,Centro-Oeste,56,425.3,1,31.16,8,13,3,32.52,2,1,7,3,0.7247267826220013,Alto
1714,51714,19,Sul,102,577.58,2,5.21,5,4,0,62.28,3,2,10,6,0.7240486995642202,Alto
515,50515,57,Sul,31,703.68,3,12.83,10,11,2,49.9,1,1,9,4,0.7237748514623786,Alto
2447,52447,31,Norte,65,452.71,4,11.54,8,2,0,20.38,1,3,11,6,0.7232898465362304,Alto
2284,52284,55,Norte,77,476.96,4,25.64,7,11,4,31.34,3,1,2,3,0.7228726627999613,Alto
1523,51523,65,Norte,51,267.38,3,32.21,3,2,1,36.99,1,2,3,6,0.7228102904710448,Alto
1220,51220,54,Sudeste,50,402.0,5,2.08,1,12,1,22.27,1,2,10,5,0.7227743613298397,Alto
917,50917,48,Norte,95,318.3,4,12.38,10,9,2,43.2,1,2,2,5,0.722576443566125,Alto
2407,52407,37,Centro-Oeste,115,685.67,5,0.07,11,6,2,44.95,2,3,4,5,0.7225130612166911,Alto
1516,51516,42,Nordeste,24,381.68,3,3.5,9,3,4,55.32,3,0,2,3,0.7222649072484862,Alto
2009,52009,27,Nordeste,31,419.69,2,18.84,8,14,1,32.73,3,1,0,7,0.722227133471681,Alto
517,50517,44,Centro-Oeste,9,273.49,5,5.72,9,9,2,31.93,1,1,3,5,0.7219453204444445,Alto
2431,52431,57,Nordeste,101,141.42,1,2.16,1,14,2,38.97,1,2,6,4,0.7212397629003859,Alto
779,50779,48,Norte,29,726.05,1,73.56,10,13,1,38.31,2,3,10,5,0.7210495212420542,Alto
582,50582,59,Norte,92,797.77,1,27.19,6,9,4,44.07,1,0,1,3,0.7204654952246515,Alto
2497,52497,37,Sul,89,73.03,1,36.44,3,12,2,27.42,2,2,7,4,0.7204339768935397,Alto
1573,51573,38,Centro-Oeste,24,483.15,1,10.94,9,13,3,42.59,3,2,3,4,0.7199018568357491,Alto
85,50085,69,Centro-Oeste,88,90.76,6,4.81,6,6,2,47.02,2,1,11,3,0.7195469884457274,Alto
652,50652,54,Sul,38,722.01,3,20.33,4,5,2,43.57,1,1,4,5,0.71931172431696,Alto
1447,51447,29,Nordeste,26,493.02,4,11.28,2,3,4,38.63,1,1,2,3,0.7192822698729868,Alto
2054,52054,47,Sudeste,109,199.72,1,62.48,4,11,3,36.06,2,1,1,4,0.7187509530827697,Alto
1640,51640,51,Sudeste,116,391.76,2,49.2,7,13,1,22.55,3,3,10,5,0.7175211160791206,Alto
921,50921,29,Sudeste,14,504.09,1,63.97,7,3,1,38.05,1,2,10,5,0.7168604869822582,Alto
146,50146,21,Nordeste,75,72.52,5,34.44,4,9,2,55.51,2,2,6,4,0.716841537135615,Alto
1140,51140,62,Nordeste,27,122.62,4,13.34,6,7,3,38.98,1,0,11,2,0.7165285903018805,Alto
1630,51630,45,Nordeste,87,585.06,3,13.95,2,14,3,20.39,2,1,3,4,0.716354266940837,Alto
498,50498,44,Nordeste,14,493.21,4,75.05,7,2,3,23.87,1,0,3,4,0.7156609077552006,Alto
1501,51501,19,Norte,18,507.76,2,39.16,10,5,1,41.88,3,2,5,6,0.7147594263230025,Alto
1557,51557,20,Sudeste,90,555.71,2,85.85,11,9,2,54.49,2,2,3,5,0.714612239048364,Alto
539,50539,69,Centro-Oeste,58,95.55,2,0.71,1,3,1,36.32,1,2,2,6,0.7140596262624894,Alto
1722,51722,29,Nordeste,62,413.37,4,1.38,7,3,3,48.81,3,2,3,4,0.7132123061408477,Alto
1062,51062,55,Sudeste,74,717.06,5,26.17,8,9,3,61.2,1,0,7,3,0.7128635394845544,Alto
2232,52232,44,Norte,64,397.4,4,55.68,5,11,1,47.16,3,2,8,5,0.7126400945120023,Alto
34,50034,66,Sul,41,366.75,6,12.65,6,10,3,38.42,1,1,7,3,0.7121657725453082,Alto
1592,51592,28,Norte,18,731.33,4,38.41,6,8,3,34.9,1,1,3,4,0.7119405344247504,Alto
2314,52314,27,Sul,86,192.11,6,1.73,9,12,3,18.17,3,1,8,3,0.7110399216922231,Alto
1814,51814,47,Sudeste,37,245.24,6,12.29,8,3,3,31.88,2,0,8,3,0.7107297968630906,Alto
737,50737,39,Sul,16,309.91,3,9.87,7,13,2,16.17,1,2,9,4,0.7097068779539617,Alto
1291,51291,57,Norte,32,340.1,3,55.26,3,4,3,51.14,1,0,10,2,0.7093375253961474,Alto
815,50815,40,Sul,33,448.49,3,7.8,3,4,3,55.66,2,1,2,4,0.7090095069737855,Alto
1911,51911,38,Sudeste,100,370.99,1,23.05,11,4,3,33.71,1,0,2,4,0.7087142341406459,Alto
1259,51259,23,Centro-Oeste,7,129.37,3,15.75,10,13,1,27.37,3,2,9,5,0.7084951141107664,Alto
1436,51436,60,Sul,25,252.85,4,1.99,11,8,2,24.37,2,1,9,4,0.7080569279176979,Alto
946,50946,63,Nordeste,69,574.37,6,0.58,9,10,2,40.74,3,1,9,4,0.7071804236182273,Alto
1035,51035,51,Norte,115,825.72,1,62.9,8,12,3,35.74,2,1,7,3,0.7069851390026648,Alto
2471,52471,48,Nordeste,40,48.55,6,2.39,7,11,4,29.46,3,0,6,2,0.7069448936408735,Alto
709,50709,42,Norte,94,248.06,4,123.45,1,2,1,38.67,1,2,1,6,0.705886059323815,Alto
2300,52300,45,Nordeste,37,367.39,2,6.45,3,2,1,40.54,2,2,4,6,0.7057958432893934,Alto
378,50378,37,Sudeste,30,627.83,1,89.05,6,6,3,49.16,3,1,8,3,0.7048917463940141,Alto
1214,51214,51,Sul,117,274.65,3,15.97,1,6,3,39.41,1,0,5,3,0.7046871837272846,Alto
2151,52151,48,Sul,92,960.39,5,14.96,6,6,1,49.12,3,3,1,7,0.7043496627499961,Alto
2488,52488,27,Sul,69,321.48,5,63.64,3,12,1,25.76,1,2,8,5,0.7039967508600983,Alto
1666,51666,30,Sudeste,15,158.16,6,111.61,10,11,2,49.43,3,0,7,4,0.7035340696879538,Alto
1324,51324,54,Sul,37,85.19,2,8.23,1,9,4,43.76,3,0,0,3,0.7033665404621187,Alto
450,50450,43,Centro-Oeste,46,246.95,2,23.17,8,8,1,18.45,2,3,9,5,0.7028203265775926,Alto
1812,51812,47,Norte,77,104.16,3,94.87,7,2,2,44.98,2,0,5,4,0.70250473657652,Alto
2321,52321,23,Centro-Oeste,107,341.46,6,13.26,1,13,1,17.36,2,2,8,5,0.7012827791260142,Alto
1975,51975,57,Centro-Oeste,49,893.47,3,2.47,1,11,3,30.3,1,2,3,4,0.7008645222579698,Alto
609,50609,33,Sudeste,82,393.87,6,88.01,3,12,4,42.82,2,0,5,2,0.7002886343182715,Alto
189,50189,41,Sudeste,62,596.03,6,11.82,3,8,3,30.86,1,1,3,4,0.7002602022988204,Alto
1413,51413,34,Centro-Oeste,110,381.05,3,5.4,6,10,3,48.09,1,2,0,4,0.6999983648227072,Alto
239,50239,66,Sul,96,392.41,2,59.32,4,4,2,41.41,2,2,7,4,0.6996582610510222,Alto
2189,52189,21,Norte,21,1096.16,3,12.13,8,12,3,51.3,2,2,4,4,0.6994446688971777,Alto
566,50566,61,Sudeste,38,447.5,5,24.81,6,7,2,44.85,3,2,4,5,0.6987022623501417,Alto
1618,51618,63,Sudeste,100,546.92,3,8.39,2,7,2,44.55,2,2,3,5,0.6986593414143941,Alto
1677,51677,25,Centro-Oeste,106,210.74,6,87.75,11,3,1,48.28,2,4,2,6,0.6985918497900979,Alto
869,50869,41,Sul,77,1201.05,2,8.09,11,12,1,19.2,3,2,8,6,0.6983999141800853,Alto
2101,52101,47,Sul,91,497.48,1,13.11,2,12,3,31.82,2,2,2,4,0.6982072380706831,Alto
1162,51162,46,Centro-Oeste,115,770.46,6,38.04,8,8,2,32.27,2,1,8,4,0.6973783178535853,Alto
1819,51819,67,Nordeste,37,28.41,3,63.62,10,8,3,26.79,2,1,6,3,0.6971744334760251,Alto
262,50262,53,Sul,109,192.62,1,3.3,8,4,2,41.42,3,1,7,4,0.6969081357347863,Alto
1624,51624,56,Nordeste,22,399.72,2,8.74,2,9,3,20.15,2,2,3,4,0.6967544418069705,Alto
2012,52012,31,Sudeste,70,791.46,1,10.45,8,6,3,40.06,2,2,4,4,0.6956983348735108,Alto
516,50516,26,Sudeste,99,625.83,1,143.92,9,4,3,29.42,2,0,2,4,0.6955463684343043,Alto
2389,52389,47,Norte,108,400.25,5,0.08,7,3,3,48.96,2,2,1,4,0.6953981417388964,Alto
1059,51059,46,Sul,51,140.63,6,10.15,2,8,0,19.05,2,4,10,6,0.6953778267034557,Alto
2132,52132,35,Norte,118,537.47,4,0.63,9,2,4,41.58,3,0,6,2,0.6947822359445001,Alto
228,50228,20,Nordeste,95,418.82,1,17.33,7,2,2,47.46,3,3,3,5,0.6945527096388459,Alto
1885,51885,19,Sul,45,118.34,6,45.14,7,4,3,51.67,3,1,6,3,0.6944680343647468,Alto
476,50476,55,Norte,2,696.22,3,111.88,6,14,1,40.51,1,2,3,6,0.6936512687135027,Alto
857,50857,55,Sul,115,606.43,2,21.28,5,11,2,42.09,1,2,7,4,0.6935802099097739,Alto
726,50726,55,Norte,49,171.35,5,20.19,9,7,2,39.96,1,1,6,4,0.6933701664048224,Alto
1718,51718,29,Centro-Oeste,86,634.48,2,0.34,1,13,3,45.06,3,0,6,3,0.6924940193265761,Alto
981,50981,43,Norte,26,1014.85,3,38.77,10,14,3,31.75,3,0,9,3,0.6918093673809502,Alto
197,50197,63,Centro-Oeste,56,243.47,2,38.99,7,13,2,45.27,1,1,5,4,0.691563770691771,Alto
735,50735,22,Sul,51,117.19,3,18.67,5,9,2,54.84,2,2,6,4,0.6912261277586446,Alto
1277,51277,49,Sudeste,88,273.76,5,37.31,6,9,2,32.09,3,2,8,4,0.6909196620077718,Alto
963,50963,35,Sudeste,88,262.83,1,23.37,10,12,2,56.27,1,2,6,4,0.6906550085108067,Alto
1340,51340,26,Nordeste,54,443.04,1,4.09,1,3,3,42.22,3,1,2,4,0.6891921468592515,Alto
908,50908,33,Nordeste,110,154.54,6,7.73,9,7,2,41.47,1,2,6,4,0.6891748972412582,Alto
2286,52286,46,Norte,90,460.54,5,6.15,3,13,3,40.54,3,1,6,3,0.6886683132384437,Alto
1816,51816,63,Sudeste,118,411.22,5,8.05,11,10,4,44.94,2,2,1,3,0.6885988393365469,Alto
2087,52087,24,Sudeste,84,585.2,4,22.78,2,7,3,27.12,3,0,8,3,0.6882665694164083,Alto
38,50038,46,Centro-Oeste,3,1120.9,4,57.57,5,13,2,40.75,2,4,0,6,0.6881735016924211,Alto
429,50429,31,Nordeste,57,326.43,2,26.4,5,7,3,45.24,3,0,1,4,0.6879814857390357,Alto
558,50558,25,Norte,105,240.45,2,48.0,4,14,1,37.37,3,0,6,5,0.6877783102274664,Alto
153,50153,31,Sudeste,119,1064.25,2,15.38,1,2,3,26.74,2,0,9,3,0.6874615472059187,Alto
1110,51110,34,Norte,109,153.14,5,14.99,1,12,1,12.87,1,3,2,6,0.6861732568745202,Alto
854,50854,31,Nordeste,55,960.04,2,4.67,4,3,2,38.97,1,1,9,4,0.6860959965699601,Alto
1452,51452,47,Norte,106,138.62,4,4.05,3,7,3,31.24,3,0,10,2,0.6857457093573556,Alto
965,50965,67,Norte,82,306.06,2,71.6,2,9,4,13.5,3,0,5,2,0.6842039086747562,Alto
1120,51120,39,Nordeste,111,491.87,3,34.41,5,11,3,27.47,2,0,6,3,0.6836647221833073,Alto
446,50446,23,Norte,80,1915.89,4,37.4,2,8,3,39.64,2,2,1,5,0.6836216912619407,Alto
1171,51171,38,Sul,117,184.42,2,21.94,5,7,2,43.18,3,1,1,5,0.683429668163427,Alto
1043,51043,53,Norte,37,460.87,1,4.18,7,10,3,28.28,3,0,7,3,0.6832329870216739,Alto
865,50865,51,Norte,26,438.42,4,58.04,10,9,3,29.39,1,0,1,4,0.683076119717391,Alto
729,50729,26,Nordeste,119,574.11,3,28.38,5,12,3,31.79,2,0,11,2,0.682798742982694,Alto
871,50871,51,Nordeste,80,147.18,6,37.87,11,14,2,21.69,2,2,7,4,0.6825710463599,Alto
297,50297,34,Centro-Oeste,119,508.03,4,28.57,1,7,2,44.75,3,1,11,3,0.6810497618556816,Alto
396,50396,67,Nordeste,37,325.44,4,22.24,7,14,2,24.01,2,3,3,5,0.6808326566122571,Alto
186,50186,35,Centro-Oeste,92,211.04,1,30.35,8,3,1,25.04,3,3,8,5,0.6805388676978268,Alto
2423,52423,30,Nordeste,69,409.06,3,25.03,6,4,1,41.93,2,2,8,5,0.6804155754975809,Alto
984,50984,38,Nordeste,72,213.31,4,45.78,4,3,3,51.85,2,2,0,4,0.6802491110807156,Alto
384,50384,67,Norte,74,283.75,6,96.8,10,2,1,52.08,2,1,11,4,0.680176836694615,Alto
1651,51651,63,Norte,119,802.83,6,57.08,5,8,3,46.14,3,0,11,2,0.6794855695154869,Alto
1921,51921,44,Norte,54,551.6,6,38.22,4,10,0,37.64,2,3,9,6,0.679462709218239,Alto
1601,51601,57,Norte,75,52.64,5,0.49,1,12,1,50.36,3,3,6,5,0.6793719145885825,Alto
749,50749,68,Sul,13,213.38,5,3.22,11,11,1,27.99,1,4,4,6,0.6786577197943658,Alto
1370,51370,25,Centro-Oeste,17,181.95,3,23.26,11,10,2,36.43,1,1,1,5,0.6786369847760378,Alto
202,50202,27,Sul,66,228.14,3,7.99,11,5,3,17.94,3,2,3,4,0.6784241195838004,Alto
1099,51099,26,Norte,114,450.74,1,9.09,3,5,2,51.34,1,1,0,5,0.6781624541315813,Alto
193,50193,55,Sudeste,70,474.88,6,36.63,5,12,4,55.7,2,1,0,3,0.6776851005006044,Alto
565,50565,64,Sul,58,587.45,4,100.47,7,14,3,30.05,1,1,1,4,0.6770370307953051,Alto
813,50813,47,Nordeste,50,64.11,3,3.31,9,2,2,36.24,3,1,7,4,0.6766370000374791,Alto
24,50024,34,Nordeste,119,489.49,6,8.44,3,3,3,24.72,2,2,2,4,0.6756067682904064,Alto
1561,51561,68,Sul,60,445.34,4,10.14,11,2,2,35.94,3,3,4,5,0.6750865659719606,Alto
1221,51221,54,Sul,77,247.08,6,6.83,3,12,3,50.98,1,0,9,2,0.6748163393695217,Alto
890,50890,23,Centro-Oeste,5,574.05,5,13.18,6,14,2,32.32,2,2,8,4,0.6746383996037028,Alto
1227,51227,60,Nordeste,41,484.08,3,13.24,11,11,5,28.93,1,0,0,2,0.6745199433410284,Alto
17,50017,50,Norte,70,391.66,4,0.25,11,3,2,59.78,2,1,6,4,0.6744668018210268,Alto
2211,52211,57,Sudeste,48,922.81,4,18.2,9,11,1,39.85,1,2,10,5,0.6729035040527767,Alto
627,50627,44,Norte,3,296.05,5,29.13,11,2,3,36.82,3,1,7,3,0.6728959853505525,Alto
1723,51723,38,Norte,90,801.14,1,50.34,10,7,2,40.95,3,2,8,4,0.6728829705347166,Alto
2205,52205,43,Centro-Oeste,97,313.84,6,10.82,11,7,3,18.31,2,0,1,4,0.6721277067964501,Alto
1304,51304,47,Norte,49,241.91,4,2.61,3,12,1,44.05,1,2,6,5,0.6719519539056128,Alto
2285,52285,55,Sul,21,187.18,3,2.86,10,6,1,35.7,3,3,4,6,0.6714549872654284,Alto
2086,52086,23,Norte,72,667.41,4,13.65,10,6,3,60.1,3,0,11,2,0.6714176978301841,Alto
514,50514,33,Nordeste,47,395.12,3,141.22,11,10,2,48.55,3,1,6,4,0.670728409437459,Alto
133,50133,67,Sudeste,57,241.88,5,15.57,11,2,1,37.43,3,2,9,5,0.6701436183732993,Alto
879,50879,44,Centro-Oeste,80,281.63,2,6.59,7,4,1,56.53,2,2,6,5,0.6700959105464667,Alto
944,50944,52,Nordeste,5,243.15,4,14.69,9,3,3,49.71,2,1,1,4,0.6699526490728963,Alto
1004,51004,45,Sudeste,112,300.88,2,28.88,11,7,4,39.72,2,1,0,3,0.6698742558994808,Alto
1594,51594,63,Centro-Oeste,91,383.5,3,9.87,9,9,2,15.24,2,1,2,5,0.6685000503692368,Alto
873,50873,20,Centro-Oeste,108,292.0,3,50.51,5,12,2,14.38,3,0,6,4,0.6678216384291674,Alto
168,50168,48,Sudeste,11,269.88,4,38.62,6,5,3,41.05,1,1,1,4,0.6676104097739713,Alto
1590,51590,28,Sul,92,485.61,3,35.78,3,13,1,47.55,3,1,7,5,0.6674007188299338,Alto
801,50801,38,Nordeste,43,125.72,5,31.8,6,8,3,30.99,1,1,0,4,0.6671714580359441,Alto
1733,51733,52,Centro-Oeste,92,445.01,5,8.28,1,14,3,4.08,2,0,1,4,0.6662009120527433,Alto
74,50074,19,Centro-Oeste,25,66.18,4,4.5,4,7,2,46.54,2,1,10,3,0.6661712597896062,Alto
1965,51965,60,Centro-Oeste,4,374.67,4,42.72,1,9,3,48.67,2,2,0,4,0.6655125663000777,Alto
2448,52448,42,Nordeste,62,669.71,4,48.75,5,14,1,23.83,1,1,8,5,0.6654234364722872,Alto
1492,51492,54,Nordeste,3,1146.7,5,36.39,6,11,1,23.64,2,4,7,6,0.6651753093044516,Alto
61,50061,45,Centro-Oeste,116,182.12,6,0.19,5,8,2,45.9,2,3,0,5,0.6641987577789343,Alto
2449,52449,21,Sudeste,51,664.73,3,146.3,5,12,1,45.32,3,2,8,5,0.6638620633095236,Alto
2234,52234,59,Sul,93,592.11,4,84.81,1,4,2,25.85,1,3,2,5,0.6634923899189571,Alto
906,50906,18,Nordeste,70,167.65,6,69.74,11,11,2,58.51,3,1,5,4,0.6625684335532492,Alto
1580,51580,66,Nordeste,63,45.1,6,2.32,2,5,2,29.92,2,2,1,5,0.6618347334509977,Alto
1586,51586,62,Sul,7,207.38,5,5.95,2,14,3,47.01,2,1,0,4,0.6610909274938044,Alto
1195,51195,27,Norte,62,1103.63,6,0.88,10,7,2,59.33,1,2,8,4,0.6606106090946269,Alto
753,50753,28,Nordeste,106,391.87,5,30.44,2,14,2,46.21,2,1,10,3,0.6602597519358098,Alto
1780,51780,59,Centro-Oeste,98,340.23,3,48.81,5,8,3,25.09,2,2,0,4,0.6601206771068765,Alto
2322,52322,55,Nordeste,14,369.18,4,5.44,4,7,3,51.16,3,1,1,4,0.6595528664950084,Alto
527,50527,47,Norte,76,93.2,6,10.29,6,3,3,46.24,2,1,4,3,0.6594733727429084,Alto
1141,51141,26,Centro-Oeste,117,649.44,3,4.71,7,2,2,42.08,1,1,11,3,0.6594280450686367,Alto
83,50083,35,Norte,24,519.41,6,6.98,9,5,2,9.73,3,0,4,5,0.6592179004950417,Alto
941,50941,33,Norte,32,337.35,4,4.36,8,7,1,54.48,1,1,11,4,0.6591078789250221,Alto
1843,51843,48,Norte,70,633.9,3,12.8,3,14,1,34.44,1,2,7,5,0.6575335802793373,Alto
2267,52267,61,Nordeste,93,370.87,5,86.64,9,14,2,49.0,1,0,9,3,0.6571000023766718,Alto
21,50021,32,Sudeste,105,390.01,2,84.53,8,9,2,35.9,2,1,6,4,0.656997237430521,Alto
647,50647,34,Nordeste,50,197.48,4,44.93,2,3,1,5.74,1,3,3,6,0.6562820471519308,Alto
1356,51356,65,Norte,53,438.07,5,20.56,10,2,3,40.28,3,0,6,3,0.6559372466931236,Alto
831,50831,26,Sudeste,108,323.19,6,41.18,4,11,2,51.53,1,2,0,5,0.655442475268701,Alto
15,50015,50,Sudeste,113,220.81,3,30.73,6,7,3,45.96,1,1,4,3,0.6552667548372868,Alto
2367,52367,51,Centro-Oeste,71,660.28,1,7.44,2,13,2,38.91,2,1,1,5,0.6538057159853627,Alto
1236,51236,31,Sul,108,544.72,4,13.02,3,12,4,40.15,3,1,0,3,0.6537137378992022,Alto
710,50710,23,Sul,60,1011.99,1,1.29,8,14,3,13.34,2,1,9,3,0.6519311057780457,Alto
1071,51071,54,Norte,18,441.68,3,24.7,8,6,3,43.68,3,1,1,4,0.6518443173156455,Alto
2064,52064,38,Sul,80,674.77,3,33.68,11,3,0,49.3,1,4,9,6,0.6517756393268159,Alto
248,50248,43,Centro-Oeste,35,215.37,3,19.99,11,7,2,33.18,1,3,1,5,0.6515684936749092,Alto
2185,52185,46,Nordeste,92,355.29,1,10.24,4,13,1,41.51,1,3,1,6,0.6497645854580397,Alto
2272,52272,41,Centro-Oeste,92,478.47,2,0.91,10,4,2,34.62,3,2,7,4,0.6495525357310553,Alto
2070,52070,41,Sudeste,78,152.37,4,25.46,9,9,2,40.05,1,0,5,4,0.6492070491192428,Alto
805,50805,52,Norte,75,191.88,3,11.87,2,10,3,43.34,1,1,3,3,0.6486973505133938,Alto
213,50213,43,Centro-Oeste,75,869.54,4,21.59,8,2,3,57.59,3,0,11,2,0.6482662697368631,Alto
1388,51388,38,Sul,106,490.3,5,65.72,6,5,1,22.58,2,3,8,5,0.6481748447066743,Alto
1766,51766,21,Nordeste,18,396.21,3,45.62,4,2,1,51.29,2,2,7,5,0.6476268287852801,Alto
182,50182,32,Nordeste,29,715.62,5,13.69,5,6,3,27.87,3,1,8,3,0.6475894398143028,Alto
744,50744,20,Sul,77,192.85,5,48.42,9,2,1,44.74,1,2,11,4,0.6475023115921189,Alto
1477,51477,38,Centro-Oeste,19,115.59,5,41.51,4,6,3,49.34,3,1,4,3,0.6472125552401921,Alto
1374,51374,56,Nordeste,78,186.08,1,9.96,9,3,0,45.79,3,4,3,7,0.6467226783599153,Alto
1507,51507,47,Sul,110,273.91,5,5.82,3,9,1,43.3,2,2,6,5,0.6464524329080098,Alto
1569,51569,45,Nordeste,36,345.83,1,34.27,5,14,2,29.5,2,1,6,4,0.645782621361015,Alto
477,50477,23,Sudeste,106,286.17,5,4.5,2,7,2,33.71,2,1,6,4,0.6454449092339518,Alto
1893,51893,24,Sul,91,684.57,6,25.1,2,4,2,22.41,2,2,3,5,0.6449839509473794,Alto
430,50430,42,Sudeste,87,366.1,1,55.57,5,12,2,60.69,1,1,4,4,0.6445312402412773,Alto
230,50230,51,Nordeste,32,1522.94,3,24.33,9,13,2,40.8,1,2,5,5,0.6439789988969734,Alto
1615,51615,45,Nordeste,90,1046.13,1,5.22,8,13,2,37.11,2,1,3,5,0.6434408668838012,Alto
1270,51270,65,Nordeste,46,87.36,5,1.62,8,14,1,35.57,2,1,6,5,0.6433224897815993,Alto
267,50267,56,Sudeste,45,501.66,6,27.84,3,14,2,57.91,2,2,6,4,0.6433174791940994,Alto
1652,51652,65,Centro-Oeste,60,219.5,4,40.8,10,13,3,25.12,1,1,4,3,0.6429203001402967,Alto
39,50039,56,Sudeste,119,448.04,3,21.23,8,11,1,28.03,3,2,8,5,0.6427008214357969,Alto
1956,51956,58,Nordeste,20,315.96,3,2.24,10,11,1,32.44,1,1,7,5,0.6426301498031678,Alto
1707,51707,49,Sul,10,74.37,1,41.6,11,10,3,28.73,1,2,0,4,0.64229802344351,Alto
2065,52065,41,Nordeste,72,695.21,6,169.16,8,8,2,45.22,2,3,6,4,0.6409484673384453,Alto
241,50241,41,Sul,99,351.47,6,22.99,3,10,0,37.16,1,3,7,6,0.6408337152775376,Alto
2105,52105,22,Nordeste,82,491.95,4,26.06,6,8,3,29.74,1,0,0,4,0.6405794212286008,Alto
1935,51935,67,Sul,66,222.92,6,17.1,7,9,2,45.11,1,2,0,5,0.6396860086006204,Alto
1548,51548,34,Norte,26,353.5,2,42.17,5,2,1,47.19,2,1,11,4,0.6391479352217281,Alto
1782,51782,24,Centro-Oeste,108,683.42,3,71.66,10,8,3,29.28,2,0,10,2,0.6387386259513667,Alto
2476,52476,43,Centro-Oeste,50,640.13,1,16.48,2,3,2,51.76,3,1,6,4,0.6383111834245714,Alto
1999,51999,35,Sudeste,110,701.83,1,59.58,11,9,3,42.8,3,0,11,2,0.6381804052907005,Alto
91,50091,40,Centro-Oeste,53,147.47,4,92.68,2,14,1,32.52,3,2,10,4,0.6358757941221141,Alto
1917,51917,37,Sul,8,60.53,1,0.23,10,13,3,25.95,2,0,5,3,0.634628125473009,Alto
2167,52167,60,Nordeste,37,755.52,4,5.16,9,5,1,40.59,2,3,9,5,0.6342172614260909,Alto
1058,51058,66,Sudeste,26,250.64,6,1.21,10,2,1,28.02,3,2,4,6,0.6340282520577479,Alto
884,50884,39,Centro-Oeste,22,306.9,3,16.22,1,3,3,33.04,2,2,0,4,0.6338963249288239,Alto
320,50320,63,Nordeste,5,236.62,6,1.56,3,6,1,38.04,2,2,2,6,0.6327834645085519,Alto
1727,51727,29,Sul,108,353.11,3,6.9,10,11,1,21.32,3,3,8,5,0.6314176072592252,Alto
1348,51348,23,Sudeste,25,1511.97,3,40.03,9,4,2,22.27,2,2,2,6,0.6312655134849321,Alto
376,50376,55,Sudeste,52,221.74,1,22.1,3,8,3,51.03,2,1,4,3,0.6311590966242158,Alto
1021,51021,23,Sudeste,30,440.54,2,20.05,11,4,3,37.59,3,1,7,3,0.6310059231562261,Alto
989,50989,38,Sudeste,60,623.26,3,22.28,9,14,2,58.16,2,1,6,4,0.6301086855491798,Alto
1845,51845,64,Nordeste,37,26.05,5,11.62,3,3,2,47.26,3,2,5,4,0.6288137446294232,Alto
2130,52130,65,Centro-Oeste,80,454.29,5,74.57,4,12,1,49.77,1,1,4,5,0.6286938461365572,Alto
2307,52307,19,Sul,91,288.4,5,88.04,7,12,1,48.47,2,2,5,5,0.6285579974657015,Alto
1613,51613,43,Sudeste,84,174.71,3,11.93,2,12,3,7.18,1,1,5,3,0.6284851111579012,Alto
780,50780,64,Sul,22,496.81,4,18.44,7,5,2,9.17,1,2,3,5,0.6279798745361405,Alto
20,50020,37,Centro-Oeste,74,288.93,2,20.8,9,9,2,62.02,1,1,3,4,0.6279481690312315,Alto
1686,51686,59,Nordeste,96,390.7,3,24.54,3,7,1,40.66,3,1,11,4,0.6267206413510741,Alto
947,50947,47,Sudeste,85,252.69,1,8.74,5,4,2,30.52,3,0,11,3,0.6263531499413558,Alto
129,50129,33,Norte,57,759.72,4,0.69,8,10,2,32.56,3,3,3,5,0.6263357172457344,Alto
1265,51265,39,Sul,73,256.69,5,41.81,11,3,3,27.06,2,0,5,3,0.6247952924570572,Alto
160,50160,58,Sudeste,47,221.05,2,17.25,3,5,2,48.59,2,1,5,4,0.6245240598706687,Alto
2341,52341,48,Centro-Oeste,93,371.07,2,31.87,9,2,1,29.04,3,3,2,6,0.6244345347093,Alto
2077,52077,37,Centro-Oeste,27,636.38,5,5.54,10,2,3,42.42,2,1,1,4,0.624342202022046,Alto
1018,51018,57,Norte,15,518.25,2,30.71,10,12,2,20.98,1,0,6,4,0.6243120582278503,Alto
126,50126,63,Sul,107,126.41,4,0.23,2,11,2,15.17,3,3,1,5,0.6230593340046603,Alto
1138,51138,48,Sudeste,77,297.59,6,18.86,9,14,3,33.46,2,1,5,3,0.6229985415005863,Alto
25,50025,22,Norte,20,184.64,5,70.89,3,13,1,37.85,2,2,10,4,0.6229458591904247,Alto
2315,52315,26,Sul,98,1035.5,3,103.61,9,14,1,58.89,2,3,2,6,0.6217735871596299,Alto
1737,51737,19,Norte,78,654.84,5,11.22,11,2,2,43.85,3,2,7,4,0.6212536922869155,Alto
638,50638,40,Norte,34,289.92,1,33.73,10,12,3,26.19,3,1,0,4,0.6206044596025927,Alto
1453,51453,20,Centro-Oeste,82,270.85,4,66.21,10,6,2,50.27,3,1,9,3,0.6192239953125486,Alto
899,50899,32,Sudeste,79,396.07,4,126.81,1,9,2,43.86,1,2,4,4,0.6188860535715859,Alto
298,50298,64,Centro-Oeste,7,59.81,4,64.05,3,9,1,34.68,2,3,5,5,0.6186456956478394,Alto
210,50210,21,Centro-Oeste,42,87.23,6,12.36,9,7,2,34.49,3,1,5,4,0.6180227046609649,Alto
1724,51724,62,Sul,108,140.08,5,2.4,10,11,3,53.46,3,0,3,3,0.6164949444669863,Alto
1700,51700,18,Sul,32,379.03,2,15.64,7,7,3,31.84,1,1,0,4,0.6164903230699685,Alto
372,50372,65,Centro-Oeste,62,755.2,1,3.38,11,2,2,50.84,3,3,2,5,0.6158944639656193,Alto
106,50106,27,Sudeste,20,567.28,4,13.3,2,9,4,42.81,2,1,0,3,0.6149462331603405,Alto
1940,51940,38,Nordeste,106,150.59,5,15.04,4,13,3,41.22,1,0,2,3,0.6149093333026021,Alto
734,50734,25,Nordeste,42,529.51,6,39.41,9,2,3,40.72,3,1,1,4,0.6140736917523991,Alto
1034,51034,19,Centro-Oeste,53,252.46,5,5.47,11,13,2,59.95,3,1,4,4,0.6134892527901795,Alto
1209,51209,25,Sudeste,22,549.08,1,27.15,7,13,1,13.41,2,3,9,5,0.613121980973653,Alto
834,50834,49,Centro-Oeste,107,313.47,4,36.69,2,4,1,20.79,1,2,5,5,0.6116682061872222,Alto
2148,52148,38,Centro-Oeste,93,422.07,6,94.74,6,10,0,33.64,2,3,1,7,0.6112641187342985,Alto
1865,51865,22,Sul,24,164.79,5,50.78,9,6,2,47.99,3,1,0,5,0.6082854255014031,Alto
1273,51273,57,Sul,79,411.73,5,25.22,1,3,2,32.77,2,0,5,4,0.6080226505668866,Alto
1428,51428,51,Sudeste,37,591.29,5,32.86,4,9,2,55.76,3,1,11,3,0.6079830453716745,Alto
431,50431,49,Sul,59,440.98,6,26.29,9,4,1,15.56,2,2,8,5,0.6076600768014285,Alto
102,50102,21,Norte,74,125.96,5,7.14,1,12,1,38.05,2,1,9,4,0.607592768576609,Alto
221,50221,41,Sul,78,780.75,2,67.15,7,2,3,64.47,2,0,4,3,0.6073176844140824,Alto
362,50362,25,Sudeste,82,544.2,5,7.48,7,9,3,43.64,1,2,0,4,0.6071813643541288,Alto
932,50932,39,Sudeste,81,272.0,5,40.33,6,8,1,48.07,1,2,5,5,0.6071774368903023,Alto
829,50829,68,Sudeste,72,1065.27,1,12.4,3,7,2,42.56,1,1,7,4,0.6064306425534858,Alto
2295,52295,25,Sul,27,718.7,4,46.23,7,10,3,27.76,2,0,11,2,0.605750743924146,Alto
1443,51443,42,Centro-Oeste,85,239.77,5,65.11,10,4,2,44.37,1,1,3,4,0.6057174572714483,Alto
1064,51064,26,Sudeste,36,261.2,2,77.81,6,7,2,32.74,1,2,0,5,0.6050026878845158,Alto
375,50375,35,Centro-Oeste,98,666.94,3,6.9,5,9,2,33.55,1,2,10,3,0.6039721931653946,Alto
2277,52277,34,Sudeste,96,133.78,1,57.6,2,12,3,53.78,3,0,2,3,0.6036796957259608,Alto
1427,51427,53,Sul,83,246.89,3,68.36,10,2,1,56.74,2,0,9,4,0.6022103270321145,Alto
1474,51474,20,Sudeste,11,251.16,6,16.08,1,11,2,59.45,3,2,0,5,0.6007902805490799,Alto
1962,51962,66,Sul,13,162.0,5,20.57,7,2,2,58.27,1,2,4,4,0.6005076218058073,Alto
1296,51296,67,Nordeste,16,727.45,2,10.69,7,10,2,34.21,2,2,7,4,0.6003313707495745,Alto
162,50162,63,Sul,39,421.33,4,51.01,6,12,1,46.14,3,2,11,4,0.6000628822467289,Alto
317,50317,19,Norte,117,425.6,1,22.71,7,9,1,24.34,2,0,10,4,0.5997842945690889,Alto
1553,51553,50,Sudeste,89,143.7,3,2.63,2,14,1,23.55,3,2,6,5,0.599681695143562,Alto
1316,51316,31,Centro-Oeste,113,73.61,4,29.85,3,3,3,43.21,3,1,2,3,0.5996425294709313,Alto
1334,51334,23,Centro-Oeste,6,698.12,6,4.94,8,14,4,23.75,2,0,0,3,0.597283574124399,Alto
1055,51055,45,Centro-Oeste,96,421.83,3,75.88,8,9,0,65.26,3,4,5,6,0.5972304601712851,Alto
2392,52392,61,Sul,24,366.3,2,32.98,10,2,1,40.74,3,2,7,5,0.5971407722480271,Alto
382,50382,25,Centro-Oeste,96,113.02,3,0.16,4,10,2,21.68,3,1,9,3,0.5958511710854346,Alto
826,50826,19,Sudeste,79,470.42,4,12.73,6,4,1,43.57,3,2,7,5,0.5951340148551189,Alto
2368,52368,56,Centro-Oeste,98,1265.74,6,14.08,9,3,3,43.12,1,1,1,4,0.5940711433790223,Alto
833,50833,49,Centro-Oeste,65,909.44,2,39.76,2,6,2,28.48,3,3,2,5,0.5939115138457088,Alto
2443,52443,40,Norte,47,817.68,2,27.57,2,7,3,50.21,3,2,0,4,0.5937988682448097,Alto
2468,52468,46,Norte,75,1274.7,6,59.31,10,7,3,40.71,1,1,6,3,0.5937964841410787,Alto
1896,51896,37,Norte,116,117.91,3,9.47,6,5,0,43.12,1,2,9,5,0.5934343743788382,Alto
1943,51943,20,Nordeste,27,327.13,6,33.91,7,13,1,65.46,1,2,9,4,0.5923614988886541,Alto
689,50689,43,Sul,75,193.84,4,8.65,10,11,2,51.39,3,1,9,3,0.5909165757462329,Alto
2430,52430,34,Sul,102,55.74,1,28.35,4,7,3,46.16,1,0,6,2,0.5906941580425235,Alto
589,50589,57,Centro-Oeste,41,302.19,2,5.25,5,6,3,55.06,1,1,2,3,0.5905009980941591,Alto
810,50810,49,Centro-Oeste,11,507.4,1,30.22,1,11,2,35.66,1,1,9,3,0.5901069987238784,Alto
251,50251,63,Nordeste,25,453.51,5,2.91,10,13,2,32.46,1,0,5,4,0.5891771928419481,Alto
1089,51089,24,Norte,22,491.63,5,55.02,3,10,3,21.79,1,1,4,3,0.5881923343153092,Alto
2106,52106,60,Sul,68,638.46,6,1.97,3,12,2,36.67,1,1,10,3,0.5878983266671626,Alto
1488,51488,43,Sudeste,6,156.64,1,31.41,4,12,1,68.18,3,4,0,6,0.5874038061325672,Alto
330,50330,25,Norte,86,726.5,3,4.18,10,12,2,28.34,1,0,10,3,0.5870973295371961,Alto
386,50386,24,Nordeste,11,128.93,5,23.99,1,3,3,39.89,2,0,8,2,0.5852993228500197,Alto
1336,51336,34,Nordeste,23,413.3,5,9.08,7,4,3,31.71,2,1,5,3,0.5845347850962578,Alto
2092,52092,32,Sul,53,432.54,5,38.67,9,14,1,33.17,1,0,10,4,0.5838696213125668,Alto
602,50602,18,Centro-Oeste,84,279.65,6,15.36,8,8,3,19.07,1,0,3,3,0.5834384729686098,Alto
1650,51650,52,Sul,94,470.98,5,0.81,9,12,1,45.09,1,2,10,4,0.5828330123900249,Alto
1803,51803,59,Norte,77,862.56,5,7.64,6,10,2,24.74,1,2,6,4,0.5824148462698041,Alto
1735,51735,38,Norte,3,126.52,1,27.55,9,2,2,43.38,2,2,4,4,0.580913013087939,Alto
513,50513,57,Sudeste,119,991.18,3,35.39,2,7,2,33.73,2,0,6,4,0.5807354462746709,Alto
1463,51463,28,Sudeste,87,143.26,6,49.8,7,9,2,21.84,1,1,4,4,0.5797633750360647,Alto
2259,52259,49,Norte,78,378.25,3,9.49,9,6,1,41.39,1,4,0,6,0.5787960517085067,Alto
975,50975,60,Nordeste,6,248.21,4,8.05,6,8,3,45.04,1,1,3,3,0.5785531914228144,Alto
616,50616,64,Norte,3,1204.83,6,0.94,10,4,3,25.72,2,1,3,4,0.5784661569974862,Alto
201,50201,64,Sul,66,506.01,5,154.88,7,3,1,40.26,1,4,0,6,0.5783798108222922,Alto
1450,51450,56,Nordeste,93,751.01,1,20.08,5,6,2,50.99,3,1,0,5,0.5780800143383703,Alto
1024,51024,38,Sul,58,224.41,2,23.93,10,3,2,36.12,2,3,0,5,0.5779866936455716,Alto
1988,51988,62,Centro-Oeste,67,830.23,3,15.41,3,6,2,55.98,3,2,0,5,0.5776065874861673,Alto
1801,51801,54,Norte,39,375.09,4,5.51,2,9,1,39.8,3,1,10,4,0.5774814349846231,Alto
2268,52268,29,Norte,65,287.69,5,59.09,2,11,1,52.98,3,0,8,4,0.5768251506350175,Alto
693,50693,30,Centro-Oeste,72,220.09,4,27.36,5,8,3,44.67,3,0,2,3,0.5767011541366056,Alto
739,50739,42,Norte,62,446.26,3,50.52,1,9,3,43.92,2,0,7,2,0.5759157584768507,Alto
759,50759,45,Centro-Oeste,57,635.09,5,19.89,4,11,0,33.25,1,2,6,6,0.5754123774745699,Alto
866,50866,62,Sudeste,15,417.04,5,24.88,1,10,1,64.66,2,3,5,5,0.5731022241269603,Alto
1381,51381,34,Norte,13,1036.63,6,34.79,6,3,3,45.96,1,0,5,3,0.5730749193973327,Alto
1373,51373,65,Nordeste,51,269.6,6,12.18,1,5,2,34.11,2,1,9,3,0.5725862495202615,Alto
2292,52292,69,Sul,21,456.68,1,7.54,1,5,2,45.04,1,1,9,3,0.5722995932310245,Alto
628,50628,38,Sudeste,52,486.84,5,25.31,3,11,2,51.33,3,2,0,5,0.5718208246303121,Alto
943,50943,56,Norte,53,591.02,3,15.3,6,9,1,54.38,1,1,9,4,0.5716623397792409,Alto
679,50679,22,Nordeste,80,253.51,1,19.92,11,8,1,50.73,1,3,4,5,0.5714116523037052,Alto
2377,52377,56,Sul,4,609.18,4,1.58,3,9,1,35.78,3,1,7,5,0.5707377785482857,Alto
2434,52434,44,Sudeste,8,68.3,6,19.24,5,4,1,62.88,2,1,9,4,0.570730344496813,Alto
2376,52376,39,Sudeste,77,251.73,3,7.03,4,2,2,53.06,3,1,9,3,0.569300747662668,Alto
41,50041,39,Centro-Oeste,73,485.01,6,9.19,11,6,3,53.99,3,0,8,2,0.5683250477425905,Alto
2435,52435,67,Sudeste,108,723.53,4,17.85,11,10,1,25.29,1,3,7,5,0.5673707918008288,Alto
900,50900,34,Nordeste,21,893.66,1,33.3,2,10,3,34.3,1,2,0,4,0.5669322360413278,Alto
328,50328,37,Sudeste,53,268.01,5,9.27,6,4,3,46.55,1,1,3,3,0.5653806333778947,Alto
16,50016,64,Norte,114,732.83,2,13.24,8,9,3,46.78,2,1,8,2,0.5650483615841494,Alto
960,50960,53,Sudeste,87,342.28,6,35.49,5,11,1,32.54,1,3,0,6,0.5649972890088102,Alto
824,50824,63,Sudeste,32,83.34,2,0.46,7,2,2,48.56,2,2,4,4,0.5649185553257098,Alto
2125,52125,65,Sudeste,43,1410.34,1,87.38,10,5,2,41.69,1,3,3,5,0.5642173453630367,Alto
560,50560,28,Nordeste,42,140.84,2,78.2,11,5,1,38.3,3,3,0,6,0.564028001322423,Alto
840,50840,42,Norte,66,422.44,3,65.15,2,5,1,39.45,2,2,9,4,0.563948359478701,Alto
1542,51542,54,Sudeste,74,44.28,5,12.11,10,2,1,11.14,1,3,1,6,0.5636654075959778,Alto
2059,52059,32,Centro-Oeste,26,555.84,2,28.78,1,13,3,40.1,3,0,3,3,0.5631067016125543,Alto
1760,51760,33,Centro-Oeste,31,397.15,6,9.23,7,8,2,50.58,1,1,3,4,0.5626809528888649,Alto
601,50601,35,Centro-Oeste,11,615.64,4,8.66,4,3,2,26.44,3,1,11,3,0.562450013693997,Alto
1087,51087,66,Sul,23,526.92,4,1.39,10,2,2,41.45,3,1,6,4,0.5618274375213678,Alto
2200,52200,56,Nordeste,93,1079.2,4,35.65,9,12,2,41.87,1,0,5,4,0.5617838667173958,Alto
754,50754,40,Sul,84,569.84,1,39.44,3,8,2,26.67,3,1,0,5,0.5613559957077486,Alto
872,50872,59,Nordeste,64,609.0,2,31.27,7,2,1,35.11,2,2,6,5,0.5610187264845155,Alto
546,50546,38,Nordeste,94,337.17,4,4.47,2,10,1,56.28,3,3,4,5,0.558591376477825,Alto
1083,51083,66,Sudeste,51,591.75,4,134.67,7,4,2,14.51,3,1,11,3,0.5580424025292093,Alto
1068,51068,67,Centro-Oeste,14,496.05,1,1.38,2,3,2,37.12,1,2,4,4,0.5575155019260584,Alto
2388,52388,68,Nordeste,100,1043.98,5,22.48,8,7,3,46.3,1,0,4,3,0.5570692493285317,Alto
2483,52483,27,Sudeste,69,374.57,2,20.06,9,11,2,34.09,1,1,4,4,0.5562517846616754,Alto
1520,51520,19,Sudeste,113,198.1,3,3.57,1,2,1,31.99,3,2,10,4,0.555744302404786,Alto
84,50084,19,Sudeste,67,430.96,2,6.8,2,10,3,16.33,1,1,4,3,0.5551449550046874,Alto
790,50790,33,Norte,62,170.64,3,3.32,2,8,0,52.41,1,2,8,5,0.5522305058549806,Alto
2235,52235,60,Sul,97,1363.98,1,26.4,8,10,2,23.61,2,3,8,4,0.552117518296178,Alto
2335,52335,62,Norte,105,168.94,1,43.55,9,8,0,38.35,3,2,9,5,0.5520091540155027,Alto
1178,51178,26,Norte,114,289.45,3,7.09,5,6,2,35.55,3,1,3,4,0.5515503068155182,Alto
1959,51959,51,Norte,92,244.52,2,6.12,7,2,2,58.48,1,0,6,3,0.5502575627061476,Alto
2283,52283,59,Centro-Oeste,1,418.21,1,35.41,7,13,1,28.19,1,4,0,6,0.5500014865303604,Alto
1752,51752,20,Sudeste,3,525.92,4,112.59,11,9,1,31.09,2,1,6,5,0.5496562406605309,Alto
1019,51019,62,Sul,94,87.73,2,61.55,8,13,1,23.42,1,2,3,5,0.5485583194113064,Alto
1518,51518,34,Norte,90,111.53,4,40.19,9,8,3,28.38,3,1,2,3,0.5476440575890084,Alto
559,50559,47,Norte,76,1183.03,2,13.32,2,4,3,25.1,3,1,1,4,0.5464193675769292,Alto
624,50624,46,Nordeste,95,203.81,6,27.65,7,5,2,26.61,2,0,3,4,0.545154965180003,Alto
2017,52017,48,Norte,38,65.76,4,3.21,9,14,2,37.14,2,0,7,3,0.5451470179637579,Alto
2032,52032,60,Sul,42,96.41,1,81.15,10,5,1,48.83,2,2,8,4,0.5425996033937147,Alto
1509,51509,55,Centro-Oeste,14,230.48,6,15.3,5,13,2,15.72,2,2,4,4,0.542451352645013,Alto
1506,51506,34,Sul,25,384.22,6,10.71,6,7,2,17.16,3,2,6,4,0.5421881606931739,Alto
1290,51290,45,Sul,25,131.18,3,13.45,8,11,2,24.86,2,2,4,4,0.5412940388487251,Alto
537,50537,38,Sul,118,44.51,2,19.24,7,8,2,43.36,1,1,6,3,0.5410594023436681,Alto
1000,51000,61,Centro-Oeste,112,449.69,1,22.72,4,12,4,31.52,1,0,0,2,0.540521417364347,Alto
2342,52342,47,Norte,50,457.36,1,34.52,1,2,3,33.89,1,1,2,3,0.5404281595354964,Alto
607,50607,38,Sul,1,555.58,6,11.69,10,11,1,41.86,1,0,10,4,0.53881891320203,Alto
1297,51297,56,Norte,94,467.89,3,26.48,2,8,3,46.27,2,0,1,3,0.5387788148027725,Alto
696,50696,39,Sul,44,667.52,3,91.28,6,3,4,27.22,2,0,3,2,0.5383752754256927,Alto
52,50052,29,Sudeste,39,711.22,6,4.92,2,2,1,28.2,1,3,2,6,0.5380148648505667,Alto
598,50598,26,Sudeste,3,255.95,4,58.47,5,12,2,38.37,3,1,4,4,0.5376888399061739,Alto
1132,51132,29,Norte,110,410.46,2,7.89,11,7,1,56.66,2,2,8,4,0.537663530767207,Alto
1536,51536,41,Nordeste,51,453.95,2,19.2,6,6,0,34.17,2,3,6,6,0.5373431059567971,Alto
924,50924,65,Nordeste,4,346.29,2,11.51,11,14,2,45.52,1,1,3,4,0.5364159355653019,Alto
2258,52258,47,Sul,43,280.34,2,3.04,8,3,2,41.72,3,1,4,4,0.5357634803806431,Alto
2223,52223,23,Norte,11,716.94,2,47.16,6,10,2,48.38,1,0,3,4,0.5350868411340478,Alto
427,50427,50,Norte,22,285.35,6,54.68,7,10,1,37.26,1,1,3,5,0.5348473783497324,Alto
1798,51798,54,Sul,49,847.04,1,17.72,7,13,3,13.95,3,2,1,4,0.5333003983647256,Alto
933,50933,26,Centro-Oeste,109,482.26,1,83.68,8,5,3,44.14,2,1,1,3,0.533038962961052,Alto
896,50896,42,Sul,101,42.09,6,48.13,5,2,2,33.29,2,1,2,4,0.5329926173058607,Alto
1445,51445,64,Nordeste,111,490.0,5,28.7,7,8,1,42.94,3,1,4,5,0.5324181266252677,Alto
1049,51049,24,Sudeste,13,323.96,1,0.24,1,2,0,39.88,1,4,6,6,0.5323191472782401,Alto
2346,52346,47,Sudeste,5,678.12,4,42.24,7,10,2,27.72,1,0,10,3,0.5318827245479439,Alto
280,50280,46,Nordeste,118,362.35,5,37.91,10,11,2,41.31,2,0,7,3,0.5303627912202066,Alto
1069,51069,24,Sul,11,1089.78,2,37.55,4,4,1,39.5,2,1,7,5,0.5300864606172324,Alto
918,50918,32,Sul,9,831.15,1,101.46,4,9,2,33.09,2,2,5,4,0.5298667934428541,Alto
1169,51169,19,Sul,7,480.57,4,1.41,9,9,2,24.39,2,0,10,3,0.528213100530622,Alto
1608,51608,56,Sudeste,25,64.3,3,12.35,7,13,2,50.44,1,2,2,4,0.5281817108502471,Alto
339,50339,23,Norte,71,113.8,3,18.72,9,6,2,20.23,2,2,3,4,0.5277199071248446,Alto
2327,52327,52,Nordeste,93,254.79,6,96.14,6,8,1,52.02,1,0,11,3,0.5272991160796322,Alto
104,50104,48,Sudeste,45,289.31,5,2.66,3,14,1,41.1,3,0,9,4,0.526761716370294,Alto
121,50121,65,Norte,60,212.08,1,18.06,1,14,2,30.82,3,1,7,3,0.5266922708671942,Alto
2061,52061,66,Centro-Oeste,28,605.25,5,16.65,7,14,2,32.12,2,2,4,4,0.5260059500228391,Alto
1051,51051,22,Nordeste,115,328.88,4,24.7,5,2,2,25.37,2,1,8,3,0.5226347768502715,Alto
798,50798,66,Norte,2,928.87,5,5.77,4,9,2,7.25,3,1,7,4,0.5220787801989478,Alto
2287,52287,21,Norte,56,635.34,3,8.93,10,9,2,37.2,3,0,9,3,0.5216679091357469,Alto
2137,52137,69,Norte,45,294.35,5,124.56,1,5,1,48.81,1,1,1,5,0.5213527108263655,Alto
1769,51769,53,Norte,111,370.2,4,21.2,3,5,3,21.88,1,0,6,2,0.5194241165135569,Alto
1772,51772,56,Sul,17,119.54,3,23.79,2,2,1,59.2,2,0,7,4,0.5190472051452842,Alto
1306,51306,32,Norte,55,514.86,1,12.99,7,5,1,32.46,1,2,4,5,0.5188076164957421,Alto
997,50997,47,Centro-Oeste,24,222.64,6,71.07,6,14,1,37.11,3,2,8,4,0.5187683437302386,Alto
1063,51063,33,Sudeste,43,424.42,1,0.17,2,4,2,28.23,2,0,9,3,0.5186014002605739,Alto
113,50113,45,Sul,74,239.69,6,59.64,9,12,3,33.4,3,1,2,3,0.5181658482659323,Alto
1286,51286,60,Nordeste,32,208.34,1,21.13,10,7,2,37.02,2,2,3,4,0.5173661029904981,Alto
977,50977,56,Nordeste,71,1176.27,3,103.23,6,4,3,25.84,1,0,9,2,0.5164112918623637,Alto
1081,51081,27,Sudeste,107,386.97,3,0.41,9,13,2,49.52,1,1,7,3,0.5157404318564442,Alto
2360,52360,59,Sul,45,338.64,6,5.86,8,8,1,35.58,1,2,4,5,0.5148961446551785,Alto
1918,51918,32,Centro-Oeste,87,1668.29,4,6.11,2,10,4,6.69,2,0,6,2,0.5145047154252562,Alto
1563,51563,21,Norte,73,493.06,3,43.42,6,7,2,35.2,3,1,8,3,0.5143895476812824,Alto
525,50525,25,Sudeste,16,292.71,1,1.89,1,13,3,39.35,1,2,2,3,0.5129319640854869,Alto
54,50054,28,Sul,69,329.96,1,37.51,8,4,1,41.91,3,2,4,5,0.5127283861528155,Alto
2207,52207,69,Norte,43,178.55,6,4.1,4,2,3,28.95,1,0,6,2,0.5126081076796032,Alto
1384,51384,39,Sudeste,42,58.0,3,7.64,2,2,2,47.46,2,1,2,4,0.5119320609655421,Alto
1027,51027,42,Norte,11,306.18,2,14.2,8,12,3,34.77,3,0,7,2,0.5114678171507533,Alto
2473,52473,26,Sudeste,77,204.68,5,5.6,8,12,2,41.34,1,1,2,4,0.5107142902675926,Alto
1946,51946,60,Sudeste,78,504.14,2,8.9,7,4,3,21.85,1,0,3,3,0.5100107481817031,Alto
325,50325,18,Sudeste,84,402.31,6,2.49,5,14,2,32.59,3,2,4,4,0.5099904116020159,Alto
648,50648,23,Nordeste,86,274.53,2,24.22,7,6,3,27.5,3,0,2,3,0.5099808761960446,Alto
1075,51075,23,Norte,119,473.34,1,70.21,1,12,1,22.94,3,2,8,4,0.5094192375555897,Alto
1712,51712,33,Sul,17,904.14,5,11.79,9,11,3,41.5,1,1,4,3,0.5089783725855224,Alto
1347,51347,36,Nordeste,14,492.2,2,23.28,11,5,1,42.8,1,1,9,4,0.5073661522286456,Alto
2357,52357,66,Centro-Oeste,75,281.48,3,32.89,10,12,2,50.8,2,2,1,4,0.5068969844865054,Alto
1830,51830,31,Sudeste,80,329.96,3,22.66,2,6,3,44.38,1,1,6,2,0.5060071141803719,Alto
554,50554,24,Nordeste,118,123.01,5,73.36,9,14,2,42.62,2,0,5,3,0.5055105599399534,Alto
1747,51747,56,Centro-Oeste,89,190.15,2,14.92,8,11,2,36.73,1,3,1,4,0.5042157958070451,Alto
1335,51335,18,Sudeste,49,183.95,6,4.3,9,8,1,28.03,2,0,9,4,0.5040805709467739,Alto
179,50179,62,Norte,106,258.11,3,39.98,9,3,2,49.29,2,2,1,4,0.5039598679550588,Alto
424,50424,38,Norte,72,450.17,3,41.27,5,3,1,30.13,3,2,4,5,0.5036990411062159,Alto
1908,51908,41,Nordeste,76,157.4,4,43.98,1,3,1,64.8,2,2,1,5,0.5036011801924734,Alto
1852,51852,29,Sudeste,93,180.98,3,44.61,4,11,1,53.95,1,1,11,3,0.5023477955186059,Alto
2104,52104,68,Nordeste,78,87.57,1,0.78,11,2,1,17.86,3,1,9,4,0.5021125731990067,Alto
920,50920,66,Sudeste,81,102.64,3,11.84,7,5,1,44.54,1,1,7,4,0.5019793149982674,Alto
272,50272,22,Sul,2,1417.73,6,93.25,9,5,2,22.51,3,1,8,4,0.49980854709600797,Baixo
1179,51179,47,Sul,106,680.72,5,21.68,7,4,2,43.0,1,2,3,4,0.4995042394895257,Baixo
2040,52040,31,Norte,27,509.91,4,0.78,2,9,2,46.51,2,0,7,3,0.4990526644856367,Baixo
586,50586,63,Norte,66,545.98,5,18.22,2,2,2,42.4,3,2,8,3,0.4987235378001574,Baixo
2043,52043,47,Norte,40,457.72,5,91.11,8,14,1,48.77,1,3,2,5,0.497451073611492,Baixo
470,50470,59,Nordeste,37,43.03,6,9.33,9,10,2,33.01,1,3,2,4,0.4972951054236833,Baixo
633,50633,56,Norte,75,152.23,2,0.44,8,8,0,41.72,2,3,8,5,0.49726029756839396,Baixo
1702,51702,56,Nordeste,111,679.64,3,10.67,3,11,3,37.25,1,0,6,2,0.49496931304522224,Baixo
1429,51429,52,Nordeste,112,204.45,6,1.19,4,14,2,35.5,2,1,1,4,0.49384935510760525,Baixo
2329,52329,29,Norte,80,519.93,2,47.35,4,8,3,35.74,2,1,1,3,0.49380608900132855,Baixo
1554,51554,19,Sudeste,9,606.49,5,39.05,1,2,2,46.72,1,0,8,3,0.49369016545735706,Baixo
2428,52428,62,Sul,24,883.71,1,3.49,3,10,2,23.97,2,1,5,4,0.49340743274163434,Baixo
1037,51037,64,Centro-Oeste,79,717.07,4,64.48,10,4,1,31.94,2,2,4,5,0.4926352853944723,Baixo
2353,52353,62,Sul,102,246.26,6,104.4,9,4,1,32.01,1,2,2,5,0.49252203418483353,Baixo
1611,51611,66,Sul,34,449.07,2,58.09,7,6,1,39.71,2,0,8,4,0.4910658648262261,Baixo
357,50357,37,Nordeste,35,174.4,1,8.98,1,3,3,29.27,2,0,6,2,0.4902759033138668,Baixo
712,50712,47,Sul,44,1284.29,6,2.89,3,7,3,43.24,3,0,10,2,0.4893629021567056,Baixo
1802,51802,61,Sul,34,311.79,4,2.52,5,2,2,47.08,3,2,3,4,0.48885375340567977,Baixo
1947,51947,26,Norte,13,259.45,5,0.06,11,7,2,20.71,3,2,4,4,0.48844785291798876,Baixo
2496,52496,51,Sul,96,615.81,6,11.41,2,14,3,28.96,2,1,2,3,0.4881968552130462,Baixo
2421,52421,21,Norte,41,655.66,5,47.57,5,2,2,31.26,3,2,9,3,0.48811578454594723,Baixo
86,50086,62,Sudeste,30,98.29,4,31.32,3,9,2,39.85,3,1,7,3,0.488015897176502,Baixo
796,50796,56,Sudeste,45,479.04,6,30.01,11,12,1,34.18,3,2,10,4,0.4873520716795135,Baixo
1877,51877,20,Centro-Oeste,25,49.35,4,23.17,8,11,1,54.88,2,2,6,4,0.4873186939691558,Baixo
148,50148,69,Sudeste,92,288.89,6,39.13,9,10,0,48.12,3,3,9,5,0.4872757055383211,Baixo
2222,52222,53,Nordeste,52,339.06,3,35.84,3,8,1,42.91,1,2,7,4,0.48713391824619573,Baixo
927,50927,28,Nordeste,95,124.4,6,32.2,4,12,2,48.38,2,1,0,4,0.4868914692443121,Baixo
1435,51435,69,Nordeste,28,764.79,6,27.85,1,3,1,49.9,1,3,9,4,0.4865761700936763,Baixo
149,50149,25,Centro-Oeste,82,872.53,6,74.23,2,14,2,25.57,2,2,3,4,0.486538359688572,Baixo
1720,51720,42,Sul,59,218.8,3,1.91,8,8,2,41.83,1,0,11,2,0.48537289710282544,Baixo
1656,51656,40,Centro-Oeste,62,324.49,5,58.37,1,5,2,38.72,1,0,10,2,0.48490803871482846,Baixo
1504,51504,44,Sudeste,86,206.08,1,34.26,11,6,2,23.38,3,1,8,3,0.4840336120364397,Baixo
103,50103,69,Nordeste,81,70.41,6,18.87,5,4,2,49.5,2,0,10,2,0.4836452301918189,Baixo
2156,52156,26,Sul,76,66.67,6,20.46,2,11,1,36.07,1,1,11,3,0.4835319470537807,Baixo
1353,51353,62,Sul,62,577.56,5,32.7,2,2,0,49.52,3,4,10,5,0.48228855300778195,Baixo
970,50970,63,Nordeste,84,441.76,6,20.35,4,6,2,19.05,3,0,8,3,0.4811105653052405,Baixo
1915,51915,63,Sudeste,103,195.02,6,23.53,8,10,2,26.28,2,1,2,4,0.48100655994143304,Baixo
612,50612,55,Centro-Oeste,95,579.14,1,42.46,9,6,1,30.62,2,2,8,4,0.4804071352831182,Baixo
90,50090,67,Sudeste,51,739.57,4,30.17,11,2,2,10.35,2,2,1,5,0.48016211534587716,Baixo
782,50782,63,Sul,8,166.82,6,30.74,2,13,2,36.11,1,1,6,3,0.4799449993402228,Baixo
1662,51662,30,Nordeste,77,244.71,1,3.33,5,10,1,41.74,2,2,7,4,0.47951963663597275,Baixo
723,50723,55,Centro-Oeste,86,154.35,4,125.36,5,9,2,35.03,3,2,0,4,0.47931581413558905,Baixo
1231,51231,58,Centro-Oeste,33,125.78,6,42.94,11,7,1,43.77,1,1,6,4,0.4791860364420401,Baixo
77,50077,43,Sul,80,815.51,3,33.42,6,8,3,38.22,1,1,2,3,0.47798462455545637,Baixo
2334,52334,25,Norte,28,489.75,6,48.15,10,13,3,39.18,2,0,1,3,0.4775470377993297,Baixo
1510,51510,27,Nordeste,115,704.45,6,2.81,7,6,0,33.35,1,4,5,6,0.47699044423756704,Baixo
1589,51589,43,Sul,29,324.37,3,61.45,1,7,2,47.0,2,1,6,3,0.4751626979842881,Baixo
2084,52084,49,Sul,83,784.82,3,33.17,8,14,3,18.63,2,1,3,3,0.47500047920521143,Baixo
556,50556,57,Nordeste,90,122.34,4,44.0,6,6,2,25.19,2,1,6,3,0.47484954475550895,Baixo
1500,51500,51,Sudeste,82,411.08,5,26.7,5,8,1,52.95,1,2,2,5,0.47321834858029205,Baixo
797,50797,57,Sudeste,49,168.11,6,16.51,6,14,2,53.71,1,0,5,3,0.471584789620253,Baixo
804,50804,46,Centro-Oeste,91,554.43,3,121.75,5,12,1,32.33,1,2,6,4,0.46958208868135637,Baixo
1193,51193,27,Sul,17,194.67,6,10.81,3,9,1,19.84,2,0,8,4,0.4689162373266917,Baixo
2089,52089,35,Sudeste,86,864.81,5,7.16,1,4,3,22.18,2,2,4,3,0.4687972730279372,Baixo
282,50282,37,Sudeste,112,314.71,2,12.11,7,5,2,41.56,1,1,1,4,0.46809246376904395,Baixo
891,50891,60,Centro-Oeste,79,114.98,2,51.09,11,7,2,23.4,3,1,6,3,0.467829644348031,Baixo
1519,51519,60,Norte,58,115.9,4,74.51,3,5,1,29.78,3,0,1,5,0.46687164755242966,Baixo
1672,51672,41,Nordeste,49,874.28,6,54.83,1,14,2,25.86,2,0,3,4,0.4665788020331177,Baixo
1156,51156,56,Norte,24,789.15,6,7.97,11,12,2,38.52,3,2,4,4,0.46461779392511904,Baixo
318,50318,58,Centro-Oeste,33,1171.74,2,0.47,6,5,1,45.97,2,2,5,5,0.4644482847952314,Baixo
1168,51168,62,Sudeste,80,489.05,4,89.59,2,14,1,49.71,3,2,2,5,0.4640747424665126,Baixo
1524,51524,19,Centro-Oeste,36,232.29,3,16.87,6,13,2,44.73,1,2,0,4,0.4628448603099746,Baixo
1007,51007,54,Sul,97,676.14,1,2.96,1,6,4,32.27,3,0,1,2,0.4627957283921758,Baixo
1399,51399,49,Nordeste,7,94.23,1,21.63,3,7,1,58.3,3,1,11,3,0.46189254577426225,Baixo
171,50171,28,Sudeste,76,776.45,2,1.99,4,11,4,33.41,3,0,7,1,0.46165389481148145,Baixo
368,50368,50,Norte,5,140.82,3,35.93,9,8,1,34.74,2,2,2,5,0.4614154015460862,Baixo
1448,51448,42,Nordeste,107,435.57,4,85.36,10,3,1,43.82,3,1,7,4,0.460957577459186,Baixo
2100,52100,23,Norte,11,137.54,3,20.85,10,2,3,32.97,1,0,5,2,0.46065585074902676,Baixo
1158,51158,35,Centro-Oeste,102,129.35,3,31.88,7,13,1,52.4,2,0,4,4,0.46009881835430877,Baixo
1464,51464,21,Sul,52,455.0,1,34.0,11,12,2,24.57,3,1,8,3,0.45991391132318543,Baixo
404,50404,45,Norte,37,584.88,4,37.6,10,2,3,50.13,2,1,1,3,0.4583069155472036,Baixo
2263,52263,44,Sul,119,288.94,2,42.7,5,3,2,42.4,1,2,0,4,0.4554390473014596,Baixo
1077,51077,56,Sudeste,66,85.85,1,1.05,3,5,1,38.96,1,1,11,3,0.45526757170219206,Baixo
2126,52126,26,Sudeste,113,525.67,2,109.29,5,8,1,48.19,1,2,1,5,0.45414891852812234,Baixo
2079,52079,54,Nordeste,8,1153.51,6,8.41,4,11,3,42.75,3,1,4,3,0.45256520823638574,Baixo
1587,51587,41,Sul,79,421.32,5,110.56,2,3,1,54.37,3,1,6,4,0.4522822488414401,Baixo
816,50816,65,Nordeste,42,1365.27,3,14.01,9,13,1,43.2,2,3,1,6,0.45170625325515423,Baixo
2345,52345,26,Nordeste,44,241.36,6,30.81,4,3,3,27.19,3,0,6,2,0.45141405535853113,Baixo
2492,52492,23,Centro-Oeste,61,150.01,5,16.9,2,3,2,32.64,1,2,0,4,0.4507845089920784,Baixo
2245,52245,52,Nordeste,22,721.52,4,111.71,1,3,1,16.65,1,0,8,4,0.45005423590402704,Baixo
2436,52436,41,Sudeste,14,133.89,6,19.74,2,14,1,26.97,3,2,3,5,0.44975061574971775,Baixo
414,50414,59,Nordeste,32,221.34,1,47.42,1,12,2,28.51,1,1,5,3,0.4495262229716722,Baixo
897,50897,50,Sudeste,72,101.24,3,21.05,6,3,1,43.78,3,2,7,4,0.4487147358093216,Baixo
46,50046,30,Sul,114,349.17,3,12.78,11,12,1,28.64,2,1,7,4,0.44760055221094464,Baixo
2122,52122,44,Nordeste,53,855.72,5,95.94,6,6,1,35.42,3,2,9,4,0.4473645239607801,Baixo
1606,51606,53,Nordeste,101,471.9,5,15.14,2,8,1,34.83,2,2,7,4,0.4473433311262711,Baixo
964,50964,68,Centro-Oeste,82,787.5,2,10.43,2,3,1,47.18,2,1,7,4,0.44675745997042554,Baixo
1012,51012,34,Sul,11,269.15,4,78.77,2,10,2,49.66,2,1,10,2,0.4464580133459428,Baixo
326,50326,53,Sul,25,1378.39,6,33.66,4,2,1,29.72,3,1,7,5,0.44633909933702587,Baixo
574,50574,51,Sul,75,429.31,4,50.38,6,12,1,40.03,1,1,11,3,0.44600142336070914,Baixo
930,50930,27,Sudeste,57,545.64,6,23.29,6,7,1,51.79,3,1,8,4,0.44463892318412596,Baixo
2184,52184,46,Sudeste,76,246.43,2,15.33,8,5,1,32.31,2,0,2,5,0.44443895675254375,Baixo
883,50883,57,Centro-Oeste,58,316.14,2,113.41,3,4,1,23.6,2,2,6,4,0.44319151379895105,Baixo
631,50631,47,Centro-Oeste,52,189.76,3,107.58,2,4,1,32.21,2,1,0,5,0.4429280267458664,Baixo
618,50618,29,Nordeste,102,297.68,4,55.26,7,12,2,55.3,2,1,4,3,0.44195946613285714,Baixo
1040,51040,59,Sudeste,80,155.11,5,20.98,2,6,3,24.02,2,0,5,2,0.4418429522724629,Baixo
1048,51048,58,Nordeste,83,840.99,5,28.96,2,9,1,56.54,1,3,2,5,0.44164419985181624,Baixo
1667,51667,25,Sul,74,203.79,2,53.64,4,2,2,35.86,2,0,5,3,0.4410766444291884,Baixo
1955,51955,60,Sul,1,723.87,1,69.39,4,2,2,38.7,3,1,8,3,0.4408950094398946,Baixo
497,50497,57,Sul,97,473.06,6,2.08,7,7,3,36.13,1,0,0,3,0.44083870767401373,Baixo
1131,51131,54,Sul,95,381.97,1,55.39,9,6,1,50.44,1,0,5,4,0.439979022430948,Baixo
2068,52068,31,Sudeste,50,274.62,6,24.86,4,3,2,47.91,2,1,1,4,0.43984198750091574,Baixo
2117,52117,37,Centro-Oeste,45,375.02,1,21.53,7,8,2,47.51,2,1,5,3,0.4395087846620591,Baixo
867,50867,61,Nordeste,11,568.03,6,36.79,5,7,2,18.62,2,1,3,4,0.4393825914274989,Baixo
438,50438,55,Centro-Oeste,65,519.47,4,7.37,3,7,2,42.04,3,1,1,4,0.4388350138127107,Baixo
732,50732,41,Norte,47,170.19,4,24.71,8,12,1,22.63,3,2,2,5,0.4382007561594502,Baixo
387,50387,50,Sul,27,373.87,2,39.49,2,10,1,45.59,1,2,6,4,0.43746036664190624,Baixo
570,50570,33,Norte,108,802.93,1,7.01,8,7,1,30.57,2,2,3,5,0.43679281138326653,Baixo
555,50555,20,Norte,61,370.21,3,24.93,10,7,1,41.49,3,2,2,5,0.43661351452230457,Baixo
1669,51669,23,Sul,38,117.62,5,29.79,10,10,1,40.32,1,2,6,4,0.4361260708628565,Baixo
2289,52289,32,Nordeste,56,845.59,1,19.17,8,11,3,46.97,2,0,6,2,0.4358731245738801,Baixo
2102,52102,20,Norte,49,974.57,2,0.74,7,9,2,25.14,1,1,3,4,0.435498427498934,Baixo
295,50295,33,Sul,68,481.86,6,14.18,11,5,1,43.06,1,1,7,4,0.4347366624566771,Baixo
945,50945,46,Sudeste,40,296.12,5,35.36,9,6,2,37.51,3,1,7,3,0.4345193639240426,Baixo
2269,52269,56,Sul,84,524.14,6,10.92,11,4,3,19.93,2,1,2,3,0.43437082964664014,Baixo
1537,51537,54,Norte,95,864.07,6,23.97,10,7,1,18.65,1,0,8,4,0.43336243130117985,Baixo
851,50851,38,Centro-Oeste,47,165.25,3,13.59,3,12,2,33.32,1,1,4,3,0.43323847213162714,Baixo
128,50128,64,Nordeste,83,648.2,3,23.63,6,2,2,32.87,1,3,2,4,0.4330582936313343,Baixo
736,50736,30,Sudeste,40,700.53,5,14.13,8,10,1,26.09,3,2,0,6,0.4325406816228765,Baixo
1084,51084,52,Norte,17,451.04,6,78.42,3,7,1,52.0,3,1,6,4,0.4323285568445224,Baixo
1560,51560,29,Sul,10,531.99,6,47.06,7,5,1,36.61,2,1,3,5,0.43222429443276533,Baixo
40,50040,51,Norte,5,109.66,6,5.88,6,14,1,33.27,3,0,11,3,0.43039559700509283,Baixo
258,50258,69,Sul,62,911.99,3,3.77,11,6,1,34.6,1,2,4,5,0.42996540204139694,Baixo
2011,52011,31,Norte,112,401.35,3,85.02,3,11,0,46.33,1,3,10,4,0.42941146995197843,Baixo
2379,52379,69,Centro-Oeste,28,181.62,5,10.83,8,6,0,49.81,3,3,7,5,0.42805031830184503,Baixo
617,50617,24,Sul,89,1235.83,6,44.18,8,12,2,56.66,3,1,3,4,0.42771442076462957,Baixo
2153,52153,33,Sudeste,55,442.57,2,26.19,8,7,1,35.59,2,3,3,5,0.42675684886640736,Baixo
1323,51323,20,Norte,59,447.27,1,29.75,8,8,2,21.89,1,2,1,4,0.4265472572717171,Baixo
99,50099,52,Nordeste,45,197.76,1,7.91,7,14,2,44.67,3,1,5,3,0.42616932444919176,Baixo
485,50485,47,Nordeste,13,538.64,6,34.79,5,4,4,47.44,3,0,0,2,0.4261628598230894,Baixo
2382,52382,55,Sudeste,79,110.88,2,91.27,1,14,1,45.45,2,1,4,4,0.42452538671914875,Baixo
2453,52453,28,Sudeste,76,608.54,6,138.83,6,8,2,40.41,2,2,1,4,0.4239265019238837,Baixo
1390,51390,37,Norte,54,1463.84,5,16.9,7,3,3,26.05,3,2,0,4,0.4233312993699752,Baixo
1675,51675,30,Norte,39,335.39,6,18.62,5,4,1,32.62,1,1,11,3,0.4231532705196417,Baixo
1768,51768,67,Norte,64,584.77,6,22.12,7,8,1,35.37,1,0,11,3,0.42239313157921904,Baixo
1818,51818,20,Sul,64,616.05,5,12.55,4,4,4,44.19,3,0,0,2,0.4191539351190456,Baixo
724,50724,18,Norte,79,283.05,2,59.35,11,10,1,44.55,2,2,5,4,0.4188726181946131,Baixo
247,50247,39,Centro-Oeste,95,515.24,2,7.15,9,12,1,23.25,1,1,11,3,0.41870572890785335,Baixo
2145,52145,57,Sul,62,537.69,3,42.91,6,9,3,23.28,1,0,5,2,0.41807145154435393,Baixo
1460,51460,47,Centro-Oeste,70,778.49,2,12.21,9,4,3,35.92,3,0,11,1,0.4176271982366123,Baixo
1626,51626,32,Sudeste,74,267.62,4,128.32,11,12,1,30.59,2,2,1,5,0.4168755702684,Baixo
1887,51887,47,Centro-Oeste,48,470.3,5,30.46,8,5,1,32.18,3,1,2,5,0.4166497548502436,Baixo
828,50828,41,Norte,69,162.27,2,57.98,8,2,2,27.13,3,1,5,3,0.41651381432662565,Baixo
1958,51958,52,Sul,21,764.43,3,4.78,3,3,4,52.18,2,0,0,2,0.4163759594866632,Baixo
454,50454,46,Centro-Oeste,17,348.5,5,16.48,9,8,1,32.81,1,1,11,3,0.4162897376577648,Baixo
225,50225,23,Norte,79,395.21,6,74.49,1,4,2,24.55,3,0,5,3,0.41270936682530274,Baixo
26,50026,67,Sudeste,79,100.97,2,31.04,7,6,2,33.59,2,2,0,4,0.41074572183302327,Baixo
1444,51444,28,Norte,112,448.35,5,5.93,3,5,1,35.76,1,1,10,3,0.41044506539155506,Baixo
577,50577,30,Sul,106,34.27,5,0.98,2,14,1,28.06,3,1,10,3,0.41004464622594766,Baixo
1281,51281,40,Centro-Oeste,70,519.32,5,14.47,1,9,2,15.42,3,0,6,3,0.40960475637664673,Baixo
695,50695,48,Centro-Oeste,29,626.9,3,2.92,10,10,3,45.5,2,1,0,3,0.408888325002223,Baixo
1066,51066,18,Nordeste,13,533.08,2,16.95,3,3,2,44.3,2,1,6,3,0.40778362965790077,Baixo
2462,52462,18,Centro-Oeste,33,174.48,5,10.3,9,6,2,39.98,3,1,5,3,0.40760488227990965,Baixo
1716,51716,38,Sul,22,362.26,3,30.18,6,6,2,46.03,3,2,6,3,0.40756406993048827,Baixo
363,50363,60,Sudeste,98,872.85,5,12.55,3,9,3,52.29,1,1,0,3,0.4074912180742331,Baixo
2171,52171,43,Nordeste,11,591.83,2,23.01,6,2,2,47.96,1,2,1,4,0.4070602751463551,Baixo
2343,52343,58,Nordeste,73,171.4,5,50.19,7,11,2,24.77,3,1,0,4,0.4070007120528701,Baixo
1696,51696,67,Nordeste,53,594.93,4,110.26,4,4,0,58.7,2,2,6,5,0.40692674226869047,Baixo
94,50094,29,Nordeste,70,530.15,5,125.03,10,8,2,31.19,2,0,10,2,0.4067095592131397,Baixo
668,50668,53,Centro-Oeste,114,597.89,5,2.12,8,13,1,40.01,1,1,5,4,0.4057893306174534,Baixo
1185,51185,56,Norte,111,421.79,5,23.64,3,3,1,26.52,3,1,6,4,0.4051234137808058,Baixo
2026,52026,67,Sudeste,18,350.38,5,24.97,10,4,2,53.36,1,0,0,4,0.4049245385287721,Baixo
1806,51806,60,Sudeste,86,161.35,6,31.79,10,7,0,39.77,3,2,7,5,0.4040099656893759,Baixo
1,50001,63,Nordeste,14,139.73,4,39.35,4,2,2,55.53,3,0,4,3,0.4038061781978945,Baixo
118,50118,53,Sudeste,5,242.57,5,21.93,8,3,0,22.11,2,3,9,5,0.40380159470369287,Baixo
1116,51116,36,Norte,50,625.97,5,64.98,8,9,1,40.12,2,1,11,3,0.4037456540357765,Baixo
1061,51061,34,Centro-Oeste,50,1102.87,6,4.42,11,10,3,30.47,2,0,7,2,0.40363222984127445,Baixo
1293,51293,63,Centro-Oeste,118,403.59,1,28.73,11,2,2,46.69,3,0,9,2,0.4034691513434021,Baixo
410,50410,50,Norte,71,254.14,6,69.59,7,4,1,55.49,3,0,9,3,0.4033454283056711,Baixo
664,50664,64,Sul,3,1118.27,1,24.39,5,9,3,55.7,3,1,2,3,0.4026144524479057,Baixo
347,50347,24,Nordeste,17,167.06,2,46.01,6,6,3,17.57,1,0,9,1,0.4004621310658306,Baixo
2387,52387,67,Sudeste,80,698.88,4,40.52,10,4,2,57.85,1,0,5,3,0.3998552632081055,Baixo
2133,52133,57,Centro-Oeste,79,225.33,3,179.99,6,14,0,59.57,3,2,8,4,0.39976413004005,Baixo
1844,51844,32,Nordeste,66,435.65,3,44.54,1,11,1,47.15,2,2,0,5,0.3996783223510648,Baixo
1602,51602,35,Norte,108,328.47,3,15.86,8,8,1,48.54,1,2,4,4,0.3995020333339207,Baixo
982,50982,30,Sudeste,84,265.06,5,29.19,2,13,3,34.42,1,0,3,2,0.3988857842778199,Baixo
1681,51681,33,Norte,111,383.44,2,1.24,11,8,2,56.0,1,1,3,3,0.3973077748724801,Baixo
1731,51731,40,Nordeste,19,1032.77,4,17.35,2,9,0,34.13,2,4,0,7,0.3970043858575277,Baixo
43,50043,45,Centro-Oeste,26,279.65,4,15.44,6,5,2,52.15,3,0,4,3,0.39601858708136156,Baixo
1417,51417,44,Nordeste,8,220.46,4,23.75,8,10,1,46.25,3,2,1,5,0.39578951541889934,Baixo
154,50154,46,Sudeste,22,337.65,1,21.17,3,5,3,21.26,3,1,1,3,0.39554074535328876,Baixo
905,50905,37,Sul,106,1043.22,3,41.61,6,11,2,33.59,2,2,2,4,0.3954758388600209,Baixo
845,50845,41,Sudeste,51,1046.11,2,16.42,5,9,3,28.61,1,1,2,3,0.3953689378991523,Baixo
639,50639,40,Norte,62,298.61,2,10.01,11,7,1,38.65,1,2,10,3,0.39478604106676773,Baixo
959,50959,50,Centro-Oeste,87,742.01,2,140.46,5,2,1,28.15,1,1,10,3,0.39297736517153675,Baixo
615,50615,54,Sul,70,193.66,2,145.81,7,11,2,43.48,3,1,3,3,0.39239367513779616,Baixo
991,50991,66,Sudeste,77,978.28,2,2.27,1,4,3,31.69,1,0,1,3,0.3921878840527484,Baixo
461,50461,61,Sul,67,479.87,3,26.22,2,2,2,39.5,2,1,0,4,0.39096497508324624,Baixo
771,50771,63,Sul,31,1010.66,1,15.43,4,13,2,31.92,2,0,7,3,0.39088438523970304,Baixo
1546,51546,50,Sul,36,47.58,1,46.01,9,12,1,35.74,1,1,9,3,0.3903295512392848,Baixo
1044,51044,56,Sul,31,688.36,5,77.19,5,4,2,42.26,1,0,10,2,0.3900818153958595,Baixo
1394,51394,32,Sudeste,22,273.73,2,72.29,11,3,0,23.09,1,4,3,6,0.38935571106990585,Baixo
1157,51157,32,Norte,20,168.52,3,2.9,2,7,0,35.22,2,3,11,4,0.3867513640140651,Baixo
413,50413,49,Centro-Oeste,4,414.68,6,35.68,6,7,3,31.31,2,0,4,2,0.38386499073739744,Baixo
1627,51627,61,Norte,24,344.99,1,16.15,5,12,2,31.62,3,2,5,3,0.3837267548940776,Baixo
1894,51894,34,Centro-Oeste,70,382.88,5,69.09,8,14,0,50.28,3,2,10,4,0.3836668624412948,Baixo
439,50439,37,Nordeste,9,154.25,2,20.45,8,2,1,49.57,3,0,10,3,0.38131549614805754,Baixo
1109,51109,63,Norte,114,491.93,4,39.3,1,11,0,30.19,3,3,11,4,0.38087012051416674,Baixo
101,50101,29,Sul,15,182.19,2,18.18,3,11,1,45.48,1,1,9,3,0.38004502664512946,Baixo
1936,51936,55,Nordeste,97,207.11,4,18.09,11,13,1,31.76,3,1,10,3,0.37982689055807883,Baixo
1787,51787,24,Nordeste,70,167.6,5,17.6,9,14,2,43.46,2,0,8,2,0.3773008443627311,Baixo
1948,51948,55,Sul,34,143.97,6,33.99,2,14,1,40.01,2,1,4,4,0.37504585303134436,Baixo
536,50536,65,Centro-Oeste,111,170.67,2,0.48,3,9,2,42.01,2,1,2,3,0.3747989210621927,Baixo
32,50032,38,Sul,71,479.29,3,16.0,6,14,1,45.69,3,0,10,3,0.3744524201433691,Baixo
2215,52215,46,Centro-Oeste,110,624.01,5,53.09,2,8,1,49.39,1,0,8,3,0.3741485640391628,Baixo
1785,51785,19,Sudeste,58,589.08,2,86.68,6,3,2,32.13,3,1,1,4,0.37353956934192034,Baixo
548,50548,36,Sudeste,115,437.82,2,37.85,8,6,3,55.64,3,0,3,2,0.373160150221881,Baixo
260,50260,25,Sudeste,28,189.76,3,39.8,4,2,2,27.94,2,1,5,3,0.37293146182934334,Baixo
2484,52484,40,Nordeste,101,135.68,6,30.34,5,9,2,24.84,1,1,3,3,0.3727209803653996,Baixo
2228,52228,59,Sul,34,58.08,1,10.26,3,3,3,43.88,1,1,2,2,0.3717859351304973,Baixo
720,50720,53,Sudeste,49,657.27,1,32.18,2,8,2,46.55,2,1,5,3,0.3717147257694574,Baixo
2197,52197,25,Sudeste,77,495.99,4,1.15,5,3,2,56.66,3,1,5,3,0.37170354439712605,Baixo
722,50722,61,Centro-Oeste,107,471.73,1,8.62,1,9,1,32.81,2,1,4,4,0.37092049804267,Baixo
952,50952,31,Sudeste,91,1080.61,2,33.49,5,5,1,50.62,2,1,7,4,0.36953800756878,Baixo
591,50591,59,Nordeste,59,578.24,4,17.71,11,5,0,35.58,3,3,8,5,0.36855574034799826,Baixo
1919,51919,67,Sudeste,85,305.52,2,13.71,3,2,2,35.97,3,2,0,4,0.3679858819754891,Baixo
76,50076,55,Nordeste,113,261.42,4,28.92,3,9,1,16.29,3,1,10,3,0.3675945877812365,Baixo
1576,51576,46,Sul,110,859.06,2,103.57,4,14,2,50.94,3,1,4,3,0.3674860054302218,Baixo
219,50219,39,Norte,2,203.93,4,9.11,6,2,1,50.47,2,0,9,3,0.3673927585295257,Baixo
45,50045,51,Norte,42,144.56,1,15.57,11,14,2,46.54,3,1,3,3,0.36726104968524675,Baixo
2044,52044,20,Sudeste,19,953.2,2,19.67,11,12,2,39.52,3,2,3,4,0.3667847000210211,Baixo
979,50979,53,Centro-Oeste,48,779.36,5,7.46,11,12,3,24.07,2,0,5,2,0.3665817200384604,Baixo
635,50635,26,Sul,37,253.83,3,17.24,2,11,1,25.93,2,1,10,3,0.36508239068014775,Baixo
73,50073,25,Sul,81,816.27,1,73.96,1,8,1,58.35,1,1,4,4,0.3648796367505208,Baixo
1026,51026,41,Centro-Oeste,53,681.24,3,36.6,9,4,2,49.72,2,0,9,2,0.3646020879801819,Baixo
1152,51152,21,Sul,118,662.69,4,42.11,7,12,3,42.97,2,0,3,2,0.36350660287054476,Baixo
787,50787,66,Centro-Oeste,79,385.14,3,25.66,9,14,2,46.59,3,1,3,3,0.3618121447053626,Baixo
1404,51404,32,Norte,74,412.37,3,14.43,8,5,1,40.51,1,1,4,4,0.36166766373443776,Baixo
1541,51541,62,Norte,45,719.25,4,5.28,6,2,2,34.49,1,1,0,4,0.36077118226205945,Baixo
1566,51566,29,Nordeste,1,441.31,5,23.95,3,13,0,43.87,3,4,2,6,0.36053091359418193,Baixo
825,50825,31,Nordeste,5,810.91,2,75.7,10,13,2,39.18,3,1,1,4,0.360417490857819,Baixo
2206,52206,56,Norte,64,237.6,1,2.7,3,4,2,40.94,1,0,7,2,0.3587485676536157,Baixo
2466,52466,53,Sul,60,176.94,6,26.78,4,7,3,47.93,2,1,2,2,0.35830502004412285,Baixo
2480,52480,44,Centro-Oeste,29,187.23,1,83.49,1,7,0,16.19,3,1,10,4,0.3581397366111495,Baixo
393,50393,31,Centro-Oeste,117,143.96,6,30.38,11,4,2,35.67,1,1,2,3,0.3571284552887647,Baixo
2243,52243,48,Sul,5,33.29,3,41.89,2,12,3,29.92,2,0,2,2,0.3556226104468702,Baixo
605,50605,64,Nordeste,61,981.65,2,11.46,8,8,2,33.33,3,2,2,4,0.3555324816480782,Baixo
403,50403,20,Sul,32,112.32,3,9.94,1,13,0,27.56,1,3,10,4,0.355446970443484,Baixo
1862,51862,18,Centro-Oeste,101,639.58,1,27.65,7,6,0,28.21,2,2,11,4,0.35543703212303046,Baixo
1247,51247,22,Sudeste,47,316.46,4,1.07,5,5,1,40.61,3,2,1,5,0.35503263289091147,Baixo
1459,51459,30,Norte,33,450.21,2,12.47,1,8,2,38.85,3,1,4,3,0.3548763477544493,Baixo
1620,51620,62,Centro-Oeste,9,160.55,2,18.7,9,9,2,6.71,3,1,0,4,0.35475056608421296,Baixo
892,50892,39,Centro-Oeste,26,870.52,4,11.19,2,13,2,33.47,1,2,0,4,0.35442639525923386,Baixo
2021,52021,42,Nordeste,74,488.17,6,2.58,11,14,3,43.77,2,0,3,2,0.35432521782445353,Baixo
2419,52419,22,Nordeste,35,1329.51,2,22.99,3,10,2,40.23,2,1,2,4,0.35264366356405286,Baixo
196,50196,64,Nordeste,96,841.75,6,73.2,4,13,2,20.65,2,1,0,4,0.3518706033519651,Baixo
2336,52336,37,Centro-Oeste,21,317.48,4,43.07,10,7,2,51.39,3,0,8,2,0.3513994506249311,Baixo
395,50395,55,Nordeste,108,339.6,3,3.83,7,9,1,34.93,2,1,9,3,0.35065954504900615,Baixo
1379,51379,61,Nordeste,63,333.16,2,20.68,4,5,2,54.76,3,1,3,3,0.3502098084715546,Baixo
2140,52140,36,Sudeste,103,477.73,2,22.94,8,3,3,54.52,3,0,3,2,0.3496970020329767,Baixo
426,50426,24,Sul,56,360.68,3,12.87,3,13,2,35.39,3,1,9,2,0.3496906510105575,Baixo
105,50105,24,Norte,7,1034.61,4,74.44,8,7,1,40.22,3,1,2,5,0.3482749724978454,Baixo
327,50327,67,Sudeste,111,92.17,3,28.32,2,9,2,28.15,3,1,8,2,0.3482114989574406,Baixo
420,50420,32,Centro-Oeste,76,787.12,6,98.23,10,10,1,31.21,2,1,5,4,0.3480449150518964,Baixo
1470,51470,48,Sul,89,349.87,5,10.05,4,12,1,35.87,2,1,9,3,0.3477373920369039,Baixo
1369,51369,18,Nordeste,69,383.81,5,3.05,5,10,1,34.43,3,1,10,3,0.3471316047572455,Baixo
1968,51968,29,Centro-Oeste,94,499.55,4,8.28,8,5,1,31.73,3,1,5,4,0.34686856767211205,Baixo
1134,51134,62,Nordeste,8,866.54,5,67.55,1,13,2,42.33,2,2,0,4,0.34664291886172127,Baixo
1067,51067,26,Centro-Oeste,94,330.85,5,51.66,9,10,4,48.23,2,0,0,1,0.34513843652172915,Baixo
2400,52400,61,Norte,115,146.41,5,23.47,10,11,2,41.1,3,1,2,3,0.3447512682781821,Baixo
795,50795,23,Norte,97,1004.38,5,9.61,4,2,0,65.44,2,3,11,4,0.344387070161709,Baixo
643,50643,62,Nordeste,112,470.04,6,72.19,2,9,1,34.2,1,1,8,3,0.34425959391042293,Baixo
850,50850,48,Sudeste,85,426.91,5,0.77,4,12,0,30.72,2,2,11,4,0.34355161073800133,Baixo
212,50212,41,Sul,106,1983.81,5,48.5,2,13,1,25.48,3,1,10,4,0.343009819504458,Baixo
2362,52362,38,Sudeste,54,778.11,2,57.87,4,9,2,28.0,1,1,0,4,0.3426721759952679,Baixo
1564,51564,22,Centro-Oeste,57,352.7,6,23.54,7,7,2,39.12,2,1,3,3,0.34220249106692385,Baixo
402,50402,32,Nordeste,117,561.91,5,53.76,7,4,2,36.97,3,1,4,3,0.3421475542030562,Baixo
108,50108,32,Sul,73,676.14,1,68.44,4,11,2,43.14,1,1,8,2,0.34171503672453796,Baixo
2437,52437,54,Nordeste,111,331.1,3,9.25,9,7,2,42.2,2,2,3,3,0.3402021131209968,Baixo
1525,51525,69,Sul,96,262.47,1,28.2,5,2,2,31.43,2,1,3,3,0.34007764615537506,Baixo
1972,51972,48,Sudeste,118,87.65,1,42.86,9,2,1,29.91,3,1,9,3,0.33987075149722595,Baixo
1126,51126,18,Norte,107,394.49,3,36.81,2,7,2,28.61,3,1,3,3,0.33934927868774917,Baixo
1333,51333,20,Sul,64,1308.05,6,12.29,3,9,1,34.8,2,2,3,5,0.33818118279436976,Baixo
408,50408,50,Centro-Oeste,16,307.56,2,7.94,8,5,2,34.88,1,1,3,3,0.3381806725111509,Baixo
1925,51925,69,Norte,41,218.24,2,5.93,4,3,0,37.24,2,4,5,5,0.3378865032802957,Baixo
1515,51515,31,Norte,4,440.81,5,13.03,4,8,2,44.41,1,1,3,3,0.33769790008772654,Baixo
1039,51039,39,Centro-Oeste,12,499.44,2,14.15,11,2,1,30.66,1,1,5,4,0.33715371102855396,Baixo
974,50974,47,Nordeste,106,196.19,2,8.38,2,12,0,32.48,1,1,8,4,0.33549747073843805,Baixo
343,50343,31,Sudeste,25,284.2,1,36.51,4,13,1,58.6,2,1,8,3,0.332968029998074,Baixo
2339,52339,20,Sudeste,31,124.88,6,51.18,11,10,1,33.27,3,2,5,4,0.3316377657495234,Baixo
489,50489,64,Centro-Oeste,42,207.79,2,7.54,1,6,4,39.99,2,0,0,1,0.3313246944346976,Baixo
1821,51821,20,Norte,85,200.13,4,24.52,11,5,1,54.41,2,0,2,4,0.33127716845241517,Baixo
31,50031,20,Nordeste,39,478.48,2,1.91,5,13,1,19.27,3,2,1,5,0.3311492144381247,Baixo
715,50715,65,Sul,22,310.54,6,3.49,2,4,2,24.61,2,0,4,3,0.33114362232564987,Baixo
2025,52025,31,Norte,83,985.11,6,16.69,10,10,1,52.66,2,1,10,3,0.33101613722717144,Baixo
1254,51254,62,Sudeste,29,791.34,1,11.14,6,8,3,34.48,3,0,0,3,0.3287527286742832,Baixo
2202,52202,55,Nordeste,86,252.97,3,19.83,11,13,2,30.24,1,0,7,2,0.32848250604284207,Baixo
163,50163,31,Sudeste,40,393.2,5,6.54,3,14,2,33.2,3,0,9,2,0.3263144021365412,Baixo
1275,51275,55,Nordeste,98,1172.8,6,21.18,4,9,1,45.23,1,0,10,3,0.3256753020981309,Baixo
142,50142,47,Nordeste,70,614.67,6,18.27,6,9,0,23.61,2,1,6,5,0.32432468356994015,Baixo
1161,51161,25,Sudeste,77,342.43,3,29.84,10,10,0,30.85,1,2,10,4,0.3239804206578513,Baixo
2188,52188,33,Nordeste,20,146.01,2,99.34,5,9,2,20.01,3,1,3,3,0.32386313006909073,Baixo
1228,51228,40,Nordeste,88,526.18,6,19.12,2,9,2,46.66,3,1,3,3,0.3235695621909928,Baixo
2004,52004,19,Sudeste,109,204.54,6,31.81,9,5,1,27.54,2,1,9,3,0.3235173285511633,Baixo
958,50958,65,Sudeste,27,685.24,6,2.54,7,6,3,18.14,3,1,1,3,0.32321279918921314,Baixo
988,50988,31,Nordeste,9,208.58,2,46.14,11,4,1,47.53,1,1,3,4,0.3225195396749368,Baixo
411,50411,48,Sudeste,41,957.71,5,19.6,9,2,1,30.54,1,1,7,4,0.32214375036203213,Baixo
848,50848,58,Nordeste,88,695.84,5,102.24,11,4,1,29.16,2,2,0,5,0.3220202470073616,Baixo
238,50238,21,Sudeste,44,1292.9,6,10.26,7,4,1,27.56,2,2,9,4,0.3219557185165914,Baixo
1204,51204,33,Sudeste,58,274.14,5,12.82,4,14,2,40.75,1,0,2,3,0.321838458352348,Baixo
2193,52193,28,Nordeste,46,131.35,5,4.92,9,12,0,38.84,2,5,0,6,0.32137588841618653,Baixo
1910,51910,47,Sudeste,95,175.25,4,58.83,2,9,1,37.18,1,1,2,4,0.32030140561413156,Baixo
2324,52324,38,Centro-Oeste,110,844.24,6,18.37,3,4,1,39.89,1,2,4,4,0.32019469011005824,Baixo
1961,51961,37,Nordeste,99,310.79,6,8.4,2,11,1,44.14,1,1,2,4,0.31981578796290083,Baixo
1105,51105,29,Nordeste,104,148.15,1,21.21,4,3,1,47.81,3,0,2,4,0.3194410153291541,Baixo
2477,52477,33,Nordeste,97,248.31,5,17.71,7,6,1,48.43,1,1,7,3,0.3186606247094811,Baixo
766,50766,31,Nordeste,98,927.89,4,9.68,3,2,4,53.8,2,0,2,1,0.318384239021779,Baixo
1272,51272,65,Nordeste,6,348.48,3,123.3,6,14,2,46.72,3,1,7,2,0.31802865214618026,Baixo
1098,51098,34,Nordeste,62,271.43,2,24.94,6,7,1,36.41,1,2,3,4,0.31783749214768037,Baixo
898,50898,18,Sul,73,1024.58,1,48.36,9,9,1,16.98,1,0,11,3,0.31769797890691315,Baixo
27,50027,21,Sudeste,26,411.6,5,4.05,1,7,2,28.95,3,2,0,4,0.31723889099207697,Baixo
859,50859,31,Norte,19,493.15,5,31.89,11,8,2,21.14,2,0,9,2,0.3162595448371716,Baixo
1889,51889,24,Centro-Oeste,95,576.06,5,47.06,6,4,1,23.26,2,1,4,4,0.31610506926730686,Baixo
1770,51770,38,Sudeste,117,569.52,5,0.14,11,5,2,33.96,2,0,4,3,0.3159793907374171,Baixo
482,50482,37,Sul,47,147.41,4,68.04,8,4,2,19.83,2,1,3,3,0.3159318356845272,Baixo
700,50700,40,Sudeste,105,289.45,6,52.81,9,13,1,26.45,3,1,9,3,0.31561403443771785,Baixo
1937,51937,29,Centro-Oeste,7,149.9,2,34.58,11,11,2,37.97,3,0,7,2,0.3117885508340814,Baixo
55,50055,40,Norte,95,398.94,2,5.22,7,2,2,67.63,3,0,1,3,0.3112708039912263,Baixo
150,50150,56,Centro-Oeste,83,515.78,1,70.23,6,2,1,69.43,1,2,1,4,0.31078443912210546,Baixo
1149,51149,61,Norte,23,334.37,1,39.93,2,4,2,10.0,2,0,8,2,0.30992601351466437,Baixo
2219,52219,34,Nordeste,45,209.19,3,1.25,9,12,0,45.8,2,3,4,5,0.3095205637115553,Baixo
1192,51192,28,Sul,82,289.1,1,36.66,6,6,2,37.6,2,1,2,3,0.308698356400344,Baixo
1721,51721,33,Sudeste,43,358.17,6,19.15,7,14,3,39.69,2,0,7,1,0.30854667463802465,Baixo
604,50604,50,Norte,70,839.51,3,7.81,9,10,1,33.86,1,0,9,3,0.3082302912915336,Baixo
1957,51957,68,Sudeste,15,359.35,3,20.38,2,4,1,55.22,3,2,4,4,0.30705022743985977,Baixo
1900,51900,20,Centro-Oeste,59,565.66,4,25.04,1,8,1,23.7,2,2,4,4,0.30676313653450177,Baixo
2255,52255,39,Nordeste,15,290.71,5,63.27,11,3,1,40.71,3,1,9,3,0.3066432749140878,Baixo
1125,51125,49,Centro-Oeste,46,121.59,2,6.08,8,13,2,42.14,3,0,1,3,0.30549500961338677,Baixo
1860,51860,42,Sul,101,448.02,3,21.81,1,10,2,36.01,2,1,2,3,0.30539772106561314,Baixo
1980,51980,18,Sudeste,72,89.59,1,18.17,1,11,0,43.19,3,1,8,4,0.30341094887173725,Baixo
2270,52270,23,Sul,3,239.37,4,42.56,10,12,0,35.2,3,2,10,4,0.30296846782839343,Baixo
1490,51490,30,Nordeste,101,102.23,5,22.56,5,5,3,28.58,1,0,0,2,0.3025198961300294,Baixo
1481,51481,54,Sul,12,115.02,3,80.58,7,9,1,37.96,2,0,7,3,0.3020231748214442,Baixo
58,50058,54,Sul,101,86.15,2,112.42,11,10,3,36.23,3,1,0,2,0.30099377733583277,Baixo
1849,51849,34,Norte,22,178.84,3,1.27,6,2,2,58.77,2,1,1,3,0.30012710369656753,Baixo
1832,51832,59,Norte,52,463.22,4,21.62,10,5,0,46.27,1,0,8,4,0.29993978670516286,Baixo
2159,52159,53,Sudeste,94,848.29,2,29.7,7,8,1,37.02,3,0,10,3,0.29934126985267423,Baixo
457,50457,38,Sul,2,1003.78,6,8.75,7,13,1,20.2,3,3,3,5,0.29908162926395326,Baixo
1154,51154,69,Norte,24,168.78,5,38.13,10,8,1,58.82,2,0,11,2,0.2983312412047651,Baixo
2090,52090,58,Centro-Oeste,80,266.26,4,16.63,9,6,1,35.55,1,2,2,4,0.297354140685739,Baixo
2426,52426,21,Norte,4,371.21,6,45.42,2,6,1,29.22,3,2,4,4,0.29617678555736016,Baixo
1795,51795,62,Sul,44,193.11,5,152.31,7,11,2,49.51,2,1,0,3,0.2953913461036613,Baixo
10,50010,51,Sudeste,70,411.01,6,37.47,3,9,2,30.59,1,0,7,2,0.2945545095685108,Baixo
690,50690,53,Sul,29,884.96,3,7.33,5,9,2,36.56,1,1,9,2,0.29434101003709723,Baixo
1047,51047,65,Sudeste,42,238.77,1,13.09,9,3,1,5.81,2,1,10,3,0.2936639727860177,Baixo
1976,51976,68,Norte,19,613.83,3,3.05,2,11,2,40.42,1,1,2,3,0.2925772054489375,Baixo
768,50768,66,Norte,51,137.59,1,7.86,1,9,1,40.4,2,1,6,3,0.2914006449173086,Baixo
2103,52103,31,Nordeste,109,657.9,1,6.58,10,6,2,22.92,3,1,9,2,0.29043840958434924,Baixo
1088,51088,69,Nordeste,99,232.1,4,47.45,7,6,2,43.75,3,1,1,3,0.2882191935931878,Baixo
473,50473,60,Norte,87,294.96,5,31.05,11,2,1,20.47,2,1,8,3,0.2881637828448171,Baixo
2134,52134,51,Sul,30,666.34,2,43.94,9,2,2,39.84,3,1,4,3,0.28784457595149304,Baixo
1097,51097,27,Nordeste,48,112.19,1,119.93,3,5,2,18.1,2,1,6,2,0.2877692267556822,Baixo
792,50792,61,Sul,98,148.65,5,7.71,2,12,1,58.53,3,2,1,4,0.28771626343388895,Baixo
853,50853,33,Sudeste,92,1112.92,2,3.52,7,11,3,21.17,3,0,5,2,0.287483658212546,Baixo
1250,51250,26,Sudeste,104,455.29,6,3.5,6,6,1,41.01,3,2,4,4,0.2870836422099008,Baixo
237,50237,54,Sul,65,254.25,6,38.4,3,2,2,42.91,2,0,6,2,0.28567975551830216,Baixo
588,50588,54,Nordeste,68,1060.85,6,9.41,6,7,1,40.87,3,3,1,5,0.2828284131353975,Baixo
30,50030,57,Sudeste,86,337.52,2,0.11,2,13,2,35.95,3,1,2,3,0.28219373908164586,Baixo
822,50822,31,Centro-Oeste,76,1135.28,6,0.48,10,10,2,36.32,3,2,0,4,0.28186066071027505,Baixo
97,50097,57,Sudeste,6,473.08,3,5.55,9,11,1,51.0,3,1,4,4,0.28178923734713673,Baixo
1820,51820,42,Sul,115,377.66,1,52.49,8,10,2,39.96,1,0,10,1,0.27992336494134923,Baixo
1408,51408,23,Sudeste,14,99.21,4,12.41,9,11,3,45.7,3,0,6,1,0.27977451617734705,Baixo
2177,52177,41,Sul,101,335.21,3,5.99,10,12,1,34.0,3,2,3,4,0.27701993195689617,Baixo
1856,51856,28,Norte,83,474.63,3,30.64,10,6,1,39.77,1,2,2,4,0.27674242441595337,Baixo
449,50449,18,Sudeste,31,319.65,3,90.21,11,11,1,47.59,1,2,2,4,0.27643794114615733,Baixo
1159,51159,24,Nordeste,33,267.53,1,25.33,3,5,1,44.47,1,0,11,2,0.27513035291295423,Baixo
914,50914,58,Nordeste,83,705.92,3,5.62,7,4,1,45.41,1,2,3,4,0.2744784252875304,Baixo
2139,52139,60,Sul,3,98.9,5,36.1,6,12,1,35.82,3,0,7,3,0.2727043721966655,Baixo
942,50942,66,Sudeste,70,222.66,5,90.42,7,12,1,45.86,2,1,1,4,0.2726043850127251,Baixo
2460,52460,21,Sul,60,168.34,1,8.97,8,6,3,14.34,1,1,1,2,0.2709444642121949,Baixo
220,50220,66,Sul,2,554.46,5,21.54,1,7,1,41.21,1,2,3,4,0.2704253906619414,Baixo
1070,51070,61,Norte,61,737.46,3,8.36,7,10,1,27.88,1,1,8,3,0.2700409441795913,Baixo
2363,52363,42,Norte,88,224.97,4,49.87,1,3,1,32.55,2,2,1,4,0.2694696901939386,Baixo
1892,51892,40,Nordeste,96,722.97,6,6.81,6,2,1,9.28,3,0,10,3,0.2682093109312063,Baixo
2326,52326,37,Norte,35,334.58,6,42.75,5,4,1,63.36,3,1,11,2,0.26742130016625587,Baixo
1974,51974,41,Centro-Oeste,102,578.71,5,14.87,3,2,2,46.02,1,0,5,2,0.26576373111544904,Baixo
1595,51595,67,Sudeste,67,250.52,1,26.91,3,5,2,47.18,3,1,1,3,0.26563519237253813,Baixo
2152,52152,45,Nordeste,111,670.27,4,40.0,11,6,1,21.28,3,1,4,4,0.2655770830424895,Baixo
2418,52418,58,Sudeste,77,492.78,4,53.03,3,13,2,5.51,3,0,8,2,0.2655602364313718,Baixo
1960,51960,20,Sul,114,108.6,3,1.08,4,5,1,36.61,3,0,11,2,0.2644498515762763,Baixo
1800,51800,19,Sudeste,18,424.63,5,46.47,6,7,2,51.03,1,0,6,2,0.2639863694638582,Baixo
1165,51165,60,Centro-Oeste,66,457.41,2,13.06,1,12,1,43.19,1,0,5,3,0.26255981485965096,Baixo
683,50683,23,Nordeste,91,358.56,3,3.13,9,8,1,40.58,1,0,11,2,0.26215274910485314,Baixo
557,50557,65,Norte,57,540.55,2,22.89,9,9,1,48.24,3,1,7,3,0.2617561660600175,Baixo
418,50418,60,Sul,8,411.19,6,50.45,6,7,1,29.23,2,1,8,3,0.2611993118315092,Baixo
968,50968,50,Centro-Oeste,56,237.94,4,17.96,6,4,1,43.92,1,0,10,2,0.2604324016011642,Baixo
1382,51382,28,Sul,9,754.71,3,46.16,10,7,0,56.69,1,3,9,4,0.26038688241140845,Baixo
623,50623,38,Norte,32,584.26,4,197.07,11,3,3,30.05,2,0,0,2,0.2598905031811491,Baixo
1239,51239,56,Sudeste,57,573.51,4,5.3,1,13,3,25.77,1,0,1,2,0.25924805657528477,Baixo
1321,51321,66,Sudeste,40,606.22,5,13.73,3,6,2,33.7,3,0,8,2,0.2591141537537151,Baixo
151,50151,42,Sudeste,18,324.46,6,4.05,8,7,1,45.88,2,2,3,4,0.2586642636561008,Baixo
2416,52416,50,Sudeste,36,297.13,6,0.9,2,13,1,34.19,3,2,8,3,0.2583282954785128,Baixo
2250,52250,32,Norte,44,58.49,5,18.62,4,5,0,29.77,3,1,7,4,0.2554755201442188,Baixo
1358,51358,54,Norte,33,213.36,5,48.83,1,5,1,30.73,3,0,11,2,0.2540445004355368,Baixo
2002,52002,39,Norte,35,101.28,6,5.3,7,7,0,35.49,2,2,7,4,0.2538199105125523,Baixo
1838,51838,52,Nordeste,97,342.72,4,11.63,6,7,0,33.36,1,2,2,5,0.25262720555728824,Baixo
1581,51581,61,Sudeste,59,382.29,5,20.05,1,5,1,23.56,1,0,7,3,0.2525445922768173,Baixo
2022,52022,48,Norte,12,301.48,2,9.62,8,11,0,15.01,3,2,9,4,0.25253691346829626,Baixo
1194,51194,18,Sul,50,309.37,2,40.6,10,8,1,52.17,3,3,2,4,0.2518246036487161,Baixo
730,50730,64,Nordeste,67,142.52,2,138.9,5,2,1,31.06,2,1,0,4,0.2515936406047975,Baixo
472,50472,30,Norte,88,96.59,4,0.86,7,6,1,20.04,2,1,1,4,0.25038666465273507,Baixo
2097,52097,51,Sudeste,83,553.67,4,0.04,6,13,1,25.93,2,1,3,4,0.25032057659131146,Baixo
1113,51113,52,Sul,91,463.66,4,22.48,5,4,0,50.04,1,3,7,4,0.2495418560698856,Baixo
561,50561,25,Sul,23,338.87,3,12.58,8,13,2,20.36,2,1,2,3,0.2492758827001127,Baixo
1424,51424,32,Centro-Oeste,2,157.16,4,41.93,5,4,1,44.17,1,1,5,3,0.2490674044272593,Baixo
666,50666,49,Norte,50,193.2,2,79.61,8,14,2,51.27,2,0,3,2,0.24880524510488666,Baixo
1451,51451,30,Sul,53,1262.26,6,7.92,4,12,2,29.41,1,1,4,3,0.24803521977481108,Baixo
1583,51583,21,Norte,61,177.14,2,107.25,10,10,0,39.83,3,2,11,3,0.24773944267295467,Baixo
750,50750,56,Nordeste,34,407.16,6,54.62,9,7,1,23.3,3,1,8,3,0.24758392617314334,Baixo
1136,51136,67,Centro-Oeste,50,288.97,1,0.56,5,6,1,34.25,3,0,6,3,0.2465481344777619,Baixo
1174,51174,56,Centro-Oeste,1,465.65,4,20.19,6,14,1,33.41,2,2,2,4,0.2463983938534449,Baixo
1623,51623,27,Norte,26,325.48,3,24.44,6,10,1,22.93,1,0,11,2,0.2462812336726072,Baixo
231,50231,23,Norte,76,459.81,2,35.71,8,2,1,17.47,2,0,7,3,0.2457125899432592,Baixo
64,50064,24,Norte,83,332.99,1,8.77,8,12,1,47.3,2,1,10,2,0.24551067578148902,Baixo
345,50345,51,Nordeste,6,430.01,4,11.03,9,9,1,42.71,1,2,2,4,0.24511425108906354,Baixo
855,50855,42,Norte,11,380.12,4,5.09,3,13,1,67.79,2,2,5,3,0.2443801475122611,Baixo
1649,51649,19,Sul,6,548.3,6,13.42,7,6,2,54.82,3,1,2,3,0.24424396302866505,Baixo
1771,51771,47,Sul,32,265.32,2,22.56,7,4,3,47.47,3,1,0,2,0.2436025403180745,Baixo
1979,51979,33,Norte,20,629.58,1,12.21,4,10,2,45.29,3,0,1,3,0.2426564374792377,Baixo
2172,52172,63,Centro-Oeste,47,410.21,4,74.57,4,13,1,26.16,3,1,6,3,0.24061824432334322,Baixo
520,50520,21,Nordeste,26,590.92,4,19.14,3,7,1,32.13,3,1,3,4,0.23931210423656055,Baixo
2290,52290,44,Centro-Oeste,117,439.15,5,7.47,9,5,1,42.41,2,3,1,4,0.23897419464973718,Baixo
242,50242,45,Norte,40,351.48,2,32.49,5,14,0,29.2,2,3,7,4,0.23857304664106663,Baixo
755,50755,66,Sul,95,1466.72,1,40.2,7,10,2,21.03,2,3,0,4,0.23776060403923843,Baixo
1006,51006,36,Sul,53,443.59,1,26.75,2,6,2,38.58,1,1,0,3,0.2370343201448009,Baixo
447,50447,67,Sudeste,15,340.13,5,4.8,2,7,0,21.06,3,1,4,5,0.23660775214055832,Baixo
1402,51402,20,Centro-Oeste,80,602.13,5,2.9,11,4,2,25.08,1,0,1,3,0.236200633986915,Baixo
1680,51680,22,Nordeste,39,214.31,5,1.0,4,9,1,19.04,1,0,11,2,0.2361997508402258,Baixo
1878,51878,51,Norte,49,51.11,2,59.81,3,10,0,40.03,1,1,9,3,0.23582187444751382,Baixo
2498,52498,19,Sudeste,98,522.78,1,4.84,9,2,2,38.94,1,1,1,3,0.23492758421178025,Baixo
1607,51607,65,Norte,54,538.99,2,58.74,11,5,1,32.65,1,1,6,3,0.2348008994007321,Baixo
1124,51124,66,Sudeste,78,346.65,5,50.02,10,10,2,59.57,2,0,4,2,0.2319825779331476,Baixo
1245,51245,33,Sul,63,245.88,5,19.49,5,8,0,50.74,2,2,11,3,0.2314103944429445,Baixo
2451,52451,59,Sudeste,45,597.99,3,20.7,8,4,2,41.97,1,0,6,2,0.2312655190895231,Baixo
583,50583,46,Centro-Oeste,104,151.8,5,17.69,6,3,0,51.33,2,3,0,5,0.23117703778009363,Baixo
234,50234,46,Sudeste,87,232.25,2,72.81,9,13,0,60.63,2,2,0,5,0.23095122362695292,Baixo
697,50697,57,Sudeste,47,450.65,5,4.79,6,12,1,43.3,3,1,2,4,0.22938800867310224,Baixo
820,50820,57,Sudeste,110,382.03,1,84.46,9,8,2,35.8,3,1,0,3,0.22637892707115714,Baixo
2003,52003,36,Sudeste,6,164.11,2,18.91,6,8,1,30.45,1,1,11,2,0.22621508878430144,Baixo
686,50686,43,Nordeste,81,926.04,1,50.74,7,11,2,32.37,1,1,1,3,0.22515232345902414,Baixo
1585,51585,41,Sul,18,421.28,6,11.18,3,11,1,69.55,3,0,5,3,0.22503543448851976,Baixo
986,50986,51,Norte,32,830.6,1,4.35,10,10,1,38.1,2,0,7,3,0.2231447335334326,Baixo
2337,52337,36,Centro-Oeste,29,454.27,1,25.69,6,13,1,32.84,1,1,5,3,0.22128183870287796,Baixo
397,50397,37,Sul,5,358.02,6,5.03,9,14,0,48.01,1,0,6,4,0.2208514093351654,Baixo
1742,51742,51,Sul,110,589.37,6,46.71,7,13,1,22.81,3,2,2,4,0.2204320091989362,Baixo
1439,51439,47,Sudeste,86,180.27,6,0.28,8,11,1,33.55,3,1,1,4,0.21950567481543778,Baixo
1258,51258,55,Sudeste,93,220.2,5,10.85,10,10,2,30.35,2,1,0,3,0.21920442653051173,Baixo
1054,51054,34,Sul,60,217.35,5,18.4,5,10,1,34.07,1,2,0,4,0.21857086365405615,Baixo
419,50419,45,Sudeste,93,107.12,2,20.84,11,8,2,28.99,3,1,0,3,0.21719156702890474,Baixo
2109,52109,21,Sul,17,719.29,3,10.24,1,4,3,15.23,3,0,2,2,0.21708974187620858,Baixo
1705,51705,48,Nordeste,76,262.66,3,39.6,10,14,3,32.69,2,0,3,1,0.21708180583891423,Baixo
467,50467,49,Sul,113,1022.48,2,11.18,6,6,1,50.58,1,0,6,3,0.21593355205393958,Baixo
2355,52355,46,Nordeste,11,699.71,5,85.83,10,5,2,50.87,3,1,6,2,0.21579675316244504,Baixo
1151,51151,37,Centro-Oeste,21,465.89,5,52.43,6,6,1,41.31,2,0,0,4,0.2157471077077686,Baixo
469,50469,50,Centro-Oeste,21,916.97,1,55.2,8,3,1,43.57,1,0,11,2,0.21379223798971544,Baixo
2127,52127,46,Norte,87,506.53,6,2.69,8,11,1,31.43,3,1,1,4,0.21371736087612342,Baixo
1032,51032,34,Norte,39,200.12,5,3.02,4,10,1,56.3,3,1,4,3,0.21345628442973064,Baixo
1823,51823,56,Sudeste,111,363.18,1,28.02,8,6,2,29.16,3,0,5,2,0.21217467052855565,Baixo
1685,51685,59,Nordeste,30,483.04,1,21.94,9,7,2,28.0,1,0,5,2,0.21210905270805352,Baixo
701,50701,56,Sudeste,89,651.98,4,24.9,6,5,1,37.44,3,1,7,3,0.21172831019607755,Baixo
1360,51360,26,Centro-Oeste,20,494.51,5,38.9,1,3,1,33.93,3,1,1,4,0.21151862008227124,Baixo
156,50156,38,Norte,48,475.43,2,45.52,2,6,2,32.2,2,0,4,2,0.21143907328036562,Baixo
255,50255,43,Sudeste,73,438.94,2,102.66,5,7,2,4.34,3,0,6,2,0.21088356510722644,Baixo
398,50398,20,Nordeste,56,208.86,2,35.08,3,9,2,31.3,1,0,3,2,0.20950608575984028,Baixo
1170,51170,51,Sul,108,142.86,3,28.3,4,13,0,58.16,1,2,3,4,0.20875247535940533,Baixo
948,50948,69,Sudeste,76,97.74,5,115.67,11,8,1,42.13,1,0,3,3,0.20805083192470478,Baixo
580,50580,25,Nordeste,58,288.81,4,29.89,6,9,0,44.0,1,2,5,4,0.2076784337809263,Baixo
1850,51850,30,Sul,69,208.33,6,39.45,6,11,1,14.87,1,1,0,4,0.20757488392417697,Baixo
1400,51400,65,Norte,69,233.71,4,160.42,6,12,2,36.9,1,0,6,1,0.2073360689519622,Baixo
100,50100,21,Norte,36,267.36,3,7.79,4,3,1,32.04,2,1,0,4,0.20687785979972725,Baixo
1704,51704,53,Sul,33,947.43,3,7.44,4,4,1,35.97,2,2,8,3,0.2058965303982502,Baixo
2169,52169,50,Centro-Oeste,77,462.99,3,1.92,1,8,0,30.11,2,3,1,5,0.20546901613837473,Baixo
1562,51562,26,Centro-Oeste,70,647.05,3,27.03,4,3,2,31.69,3,0,0,3,0.2045077904045172,Baixo
972,50972,45,Norte,103,170.11,2,0.79,7,2,0,58.81,1,1,8,3,0.20415902678498002,Baixo
2208,52208,64,Centro-Oeste,25,802.36,6,127.73,10,3,0,56.31,2,2,11,3,0.20404511016415977,Baixo
1914,51914,45,Centro-Oeste,7,354.57,1,8.33,8,4,1,41.3,2,1,5,3,0.2035912939005491,Baixo
1117,51117,64,Sudeste,43,178.47,3,26.01,6,3,0,34.23,3,3,7,4,0.20329646092685041,Baixo
1465,51465,67,Norte,83,106.93,4,31.03,10,13,1,28.97,1,1,3,3,0.20162537082896384,Baixo
2227,52227,27,Centro-Oeste,103,139.01,1,65.76,9,5,0,39.19,1,1,8,3,0.20141104364027487,Baixo
2260,52260,55,Centro-Oeste,82,621.1,2,53.62,10,2,1,37.52,2,1,5,3,0.2004757410143926,Baixo
81,50081,30,Norte,38,477.33,3,31.61,8,3,2,40.72,2,0,4,2,0.19930147119352423,Baixo
243,50243,52,Sudeste,97,612.64,4,42.0,2,4,1,37.52,1,1,5,3,0.19822596229329364,Baixo
1366,51366,26,Centro-Oeste,54,298.62,4,15.57,7,3,1,47.83,3,0,9,2,0.19780409448824218,Baixo
2344,52344,67,Norte,20,87.08,2,15.68,1,6,1,53.79,3,1,3,3,0.19764058003042675,Baixo
1118,51118,45,Norte,9,220.56,4,21.78,2,2,2,42.22,2,0,3,2,0.19714880750393457,Baixo
460,50460,64,Sul,18,351.23,6,138.72,7,3,0,36.76,3,2,11,3,0.19636434700208943,Baixo
1196,51196,42,Nordeste,27,675.26,6,28.5,2,7,1,24.72,3,1,2,4,0.1963257164656186,Baixo
254,50254,50,Sul,106,889.87,3,10.21,7,8,0,53.27,1,2,6,4,0.1941477677637333,Baixo
711,50711,69,Nordeste,100,143.09,3,8.05,7,11,2,29.36,3,0,3,2,0.19396685562122307,Baixo
89,50089,45,Nordeste,5,470.48,2,3.25,4,12,1,46.78,3,0,10,2,0.19388533482469014,Baixo
2405,52405,26,Nordeste,71,188.01,4,9.4,6,6,1,25.55,3,1,10,2,0.19328576623535912,Baixo
344,50344,43,Sudeste,19,224.28,1,18.44,5,9,1,26.18,3,2,1,4,0.19089594213487063,Baixo
14,50014,27,Sudeste,42,165.19,5,52.82,5,10,1,63.92,3,0,8,2,0.1905419759474072,Baixo
1923,51923,38,Sul,13,825.22,6,40.39,10,10,2,32.84,2,0,11,1,0.19022891053786936,Baixo
1701,51701,29,Norte,98,278.99,4,22.39,5,4,0,33.53,2,0,9,3,0.1898737744305639,Baixo
2182,52182,30,Norte,91,202.48,3,23.26,6,4,1,39.75,2,1,3,3,0.18917045340819286,Baixo
1890,51890,18,Centro-Oeste,17,552.38,4,1.56,2,6,2,35.54,2,0,4,2,0.18787500655938094,Baixo
625,50625,37,Nordeste,52,409.61,3,2.29,4,9,1,20.85,3,2,1,4,0.18693569327606438,Baixo
211,50211,63,Nordeste,68,80.5,1,1.34,7,10,1,18.04,2,1,9,2,0.1864289643327391,Baixo
1045,51045,29,Sudeste,101,116.95,4,51.35,8,6,0,36.4,3,2,0,5,0.18635242243951539,Baixo
678,50678,27,Nordeste,93,394.47,4,107.98,10,11,2,37.46,3,1,3,2,0.18604937490365026,Baixo
2091,52091,63,Sul,115,247.4,3,7.97,4,10,1,50.9,1,1,2,3,0.1852809772399041,Baixo
236,50236,28,Centro-Oeste,85,1137.22,1,79.88,11,3,0,24.07,2,3,3,5,0.18512447937692195,Baixo
1421,51421,25,Nordeste,61,225.31,3,9.02,7,14,0,40.69,1,2,4,4,0.18509475711298143,Baixo
1544,51544,38,Norte,49,170.59,2,6.35,2,12,0,32.01,2,2,9,3,0.18413780477251385,Baixo
348,50348,47,Sudeste,104,424.64,1,43.43,1,10,3,32.97,2,0,2,1,0.1828382024887836,Baixo
637,50637,55,Norte,68,384.16,1,25.68,3,2,0,53.81,1,1,8,3,0.1824018101519295,Baixo
1241,51241,30,Sul,119,453.92,6,7.3,1,5,1,8.82,3,2,1,4,0.18117496407645492,Baixo
507,50507,35,Sudeste,49,273.16,3,11.66,7,4,2,45.19,3,1,4,2,0.18056394282702704,Baixo
316,50316,56,Norte,27,771.14,2,1.27,10,4,1,24.83,1,1,6,3,0.17947428912268165,Baixo
1777,51777,31,Centro-Oeste,77,242.59,1,41.85,6,11,0,52.78,3,2,8,3,0.1783564896313771,Baixo
203,50203,35,Nordeste,93,361.43,6,26.03,9,10,2,38.98,3,0,3,2,0.17775435959702063,Baixo
1299,51299,53,Sul,35,614.47,4,24.45,2,5,2,33.83,1,1,4,2,0.1777504623768317,Baixo
1498,51498,54,Sudeste,47,338.2,2,19.02,3,3,1,41.31,3,2,0,4,0.17764979422595098,Baixo
441,50441,54,Centro-Oeste,31,142.18,3,7.23,2,6,2,41.98,1,0,1,2,0.17762747839325385,Baixo
758,50758,68,Centro-Oeste,60,247.14,3,66.17,5,13,2,46.46,3,0,1,2,0.17718027486995203,Baixo
2414,52414,36,Nordeste,5,93.14,1,22.09,1,7,0,32.88,3,3,5,4,0.17511661607552917,Baixo
1289,51289,22,Sul,46,192.35,1,49.56,9,3,1,60.51,1,1,7,2,0.17488495338854174,Baixo
1617,51617,69,Sudeste,114,916.48,3,32.2,3,9,0,22.28,2,2,7,4,0.17457449690539562,Baixo
1986,51986,20,Centro-Oeste,80,206.37,3,4.01,7,12,2,33.5,3,0,2,2,0.17429921421931238,Baixo
1357,51357,45,Nordeste,60,138.4,4,7.14,11,8,2,34.64,1,0,7,1,0.17409009861722885,Baixo
860,50860,41,Norte,63,701.89,1,2.79,7,10,2,54.23,3,0,3,2,0.17270705961712768,Baixo
323,50323,28,Sudeste,92,981.97,1,0.95,10,10,2,49.78,2,1,0,3,0.17249035536283153,Baixo
2254,52254,29,Norte,89,1196.04,1,11.73,9,13,2,51.78,2,0,4,2,0.17072293840384267,Baixo
830,50830,53,Nordeste,107,536.74,6,44.93,6,14,0,42.67,1,0,3,4,0.16993515305272408,Baixo
1591,51591,20,Norte,78,618.38,6,15.23,10,3,1,42.32,2,0,4,3,0.1696936383370019,Baixo
1934,51934,49,Centro-Oeste,112,373.64,6,31.31,1,14,2,19.46,3,0,2,2,0.16906730687351823,Baixo
1466,51466,39,Centro-Oeste,99,1008.07,5,37.41,7,8,1,32.72,2,1,0,4,0.1687153557134577,Baixo
2028,52028,23,Sudeste,69,295.11,2,93.08,2,5,2,2.87,1,0,3,2,0.16700966514914897,Baixo
2385,52385,18,Sul,84,777.07,3,15.61,5,6,0,41.61,2,3,1,5,0.16638371850042283,Baixo
2113,52113,50,Sudeste,30,1044.83,4,5.89,2,4,1,27.55,3,2,8,3,0.1662606735405371,Baixo
127,50127,40,Nordeste,34,326.11,4,3.28,4,4,2,58.28,2,1,2,2,0.16589278409701239,Baixo
226,50226,66,Nordeste,108,479.82,1,7.02,5,12,0,15.18,2,2,10,3,0.16560139551112313,Baixo
134,50134,18,Nordeste,90,706.8,5,21.35,8,4,2,29.36,2,0,4,2,0.1648113587052531,Baixo
2160,52160,26,Norte,39,454.09,3,38.58,5,9,1,30.62,1,1,3,3,0.1639815424540306,Baixo
2027,52027,34,Norte,80,544.91,1,4.56,5,8,2,50.46,3,0,2,2,0.16372124879681635,Baixo
1577,51577,34,Sul,43,385.1,1,0.24,6,13,1,60.32,1,1,2,3,0.16357909199095058,Baixo
1455,51455,38,Sudeste,30,465.63,5,11.2,3,7,1,37.46,3,1,5,3,0.1633969722323164,Baixo
245,50245,67,Sudeste,117,496.5,5,36.04,9,2,2,26.77,1,0,8,1,0.16325700142504615,Baixo
2120,52120,37,Sudeste,60,206.5,3,24.41,6,12,1,43.45,2,2,3,3,0.16321308820967542,Baixo
994,50994,36,Norte,117,631.64,1,14.7,2,11,0,45.79,2,1,3,4,0.16286294046673463,Baixo
1883,51883,41,Norte,52,971.7,3,27.64,7,8,0,55.05,1,3,0,5,0.16149751817056654,Baixo
839,50839,53,Centro-Oeste,15,918.47,2,86.04,7,4,1,28.81,2,1,5,3,0.15991966591723622,Baixo
1638,51638,42,Norte,57,298.17,4,2.29,2,11,3,45.19,2,0,0,1,0.15933564747522083,Baixo
1710,51710,66,Centro-Oeste,22,209.52,3,12.53,6,4,1,31.18,3,0,3,3,0.15872971629518542,Baixo
538,50538,69,Sul,50,232.4,1,14.26,2,4,1,38.3,3,1,8,2,0.15781945898209468,Baixo
332,50332,41,Sul,5,382.78,5,10.93,5,8,1,35.44,2,1,9,2,0.15707801739510094,Baixo
125,50125,58,Sul,53,549.41,2,35.84,11,10,2,33.16,2,0,8,1,0.1568679752632622,Baixo
321,50321,40,Sul,95,273.36,1,40.02,11,6,2,20.87,3,1,3,2,0.15670420727923084,Baixo
381,50381,44,Sul,74,277.61,5,12.96,8,3,2,49.48,1,0,6,1,0.1552836963345192,Baixo
1186,51186,65,Norte,82,534.72,3,7.53,5,5,1,54.62,2,1,7,2,0.15387216929228612,Baixo
806,50806,19,Centro-Oeste,83,188.37,3,34.16,11,10,0,54.03,2,3,2,4,0.15358976483392187,Baixo
1377,51377,26,Centro-Oeste,89,845.79,2,4.21,3,9,2,46.93,2,0,2,2,0.15350262103139378,Baixo
465,50465,30,Norte,64,781.84,2,31.86,8,2,1,34.44,1,2,4,3,0.15251412816848234,Baixo
781,50781,68,Centro-Oeste,19,383.83,5,6.21,7,9,1,45.92,1,1,2,3,0.15237352522290132,Baixo
2375,52375,48,Sul,65,355.45,3,1.37,7,11,2,33.63,2,0,2,2,0.1518972701639846,Baixo
1472,51472,48,Norte,80,234.17,1,42.49,11,5,1,40.51,3,1,7,2,0.15167958236464063,Baixo
2365,52365,37,Sudeste,5,526.86,2,9.22,7,10,0,57.65,3,2,10,3,0.15083120840016365,Baixo
281,50281,53,Nordeste,69,791.28,6,31.81,11,13,1,31.15,1,1,9,2,0.15036600628014182,Baixo
2482,52482,39,Sul,83,366.67,3,20.88,1,2,0,35.76,3,2,9,3,0.14900076059634926,Baixo
728,50728,64,Sul,35,327.51,3,15.55,8,8,2,32.65,1,1,2,2,0.1487733035395055,Baixo
1257,51257,19,Centro-Oeste,95,58.63,2,2.52,3,2,1,35.3,2,2,1,3,0.1462625528755522,Baixo
887,50887,23,Sul,41,355.38,4,42.97,2,8,1,34.48,3,1,3,3,0.1461800390284059,Baixo
1942,51942,43,Nordeste,105,205.41,4,18.64,11,8,1,36.98,1,0,11,1,0.14582124789316522,Baixo
2293,52293,28,Nordeste,69,507.04,4,33.01,8,14,1,37.46,3,1,3,3,0.14395199223884922,Baixo
1499,51499,25,Centro-Oeste,68,672.84,1,39.5,4,6,2,25.88,2,0,7,1,0.14391099888963346,Baixo
416,50416,33,Norte,51,214.33,5,70.78,2,3,1,47.78,3,1,1,3,0.14357305738780995,Baixo
1144,51144,52,Nordeste,83,1474.92,6,25.22,8,8,1,41.48,2,1,11,2,0.14297080640655885,Baixo
116,50116,64,Norte,28,359.49,2,11.01,11,9,0,26.18,2,2,9,3,0.14295553241985667,Baixo
1115,51115,24,Sudeste,118,1110.66,5,20.14,9,6,2,31.05,3,0,5,2,0.1424670299520118,Baixo
2312,52312,48,Sudeste,86,224.19,4,69.2,9,13,2,17.73,1,0,1,2,0.14199207555383836,Baixo
36,50036,59,Centro-Oeste,106,348.26,4,4.9,6,14,1,31.64,1,2,1,3,0.141724405160224,Baixo
2352,52352,19,Nordeste,114,153.61,3,32.96,8,4,1,42.81,3,0,1,3,0.14087950330711801,Baixo
980,50980,53,Sul,117,574.41,5,60.26,3,8,1,32.03,1,2,2,3,0.1405097866188089,Baixo
2299,52299,18,Sul,71,263.81,4,14.5,9,7,2,28.72,3,0,7,1,0.1394699001197112,Baixo
2165,52165,48,Sul,5,298.11,3,14.29,4,6,0,36.42,2,3,4,4,0.13902524933115668,Baixo
2358,52358,63,Sul,7,710.01,4,1.14,11,11,2,33.22,3,0,9,1,0.13826350441487384,Baixo
2351,52351,55,Nordeste,67,424.12,1,34.38,4,13,3,41.34,3,0,0,1,0.1382513800473273,Baixo
1755,51755,20,Nordeste,7,101.11,5,37.34,6,4,0,47.18,1,2,2,4,0.1378470213153578,Baixo
2078,52078,45,Nordeste,95,285.22,3,67.41,8,10,1,45.55,3,1,1,3,0.13779329069978655,Baixo
922,50922,52,Nordeste,30,929.76,2,23.52,7,11,3,45.39,2,0,2,1,0.13738879101258314,Baixo
1868,51868,44,Norte,62,274.26,6,14.12,10,5,0,33.54,2,2,8,3,0.13725945120746064,Baixo
200,50200,45,Norte,72,104.57,1,20.19,1,5,2,28.68,3,0,0,2,0.13716618094279168,Baixo
2465,52465,63,Sudeste,119,744.34,4,26.13,6,12,1,41.09,2,2,3,3,0.13530946769885227,Baixo
206,50206,44,Norte,119,317.4,6,28.2,6,11,1,38.22,1,1,0,3,0.1349693568298828,Baixo
704,50704,64,Sudeste,68,742.9,1,55.36,7,6,0,37.05,1,2,9,3,0.13470242252153425,Baixo
1876,51876,23,Centro-Oeste,113,445.63,5,65.13,4,5,1,36.83,1,0,5,2,0.1345828816775732,Baixo
2247,52247,65,Nordeste,63,373.68,2,18.85,3,13,1,34.5,1,1,1,3,0.13430417327181737,Baixo
1605,51605,21,Sudeste,80,301.56,2,23.06,10,3,0,32.81,1,1,3,4,0.13425764112497773,Baixo
138,50138,37,Sudeste,62,40.76,2,23.68,2,5,1,17.34,2,1,2,3,0.13408388947097624,Baixo
1609,51609,66,Sul,4,97.7,1,22.55,4,3,1,53.4,3,0,6,2,0.13389089556857875,Baixo
1622,51622,51,Norte,63,64.87,4,83.33,9,14,1,38.01,3,1,0,3,0.1333275638801479,Baixo
50,50050,23,Nordeste,20,370.76,6,15.12,2,10,1,28.55,3,1,8,2,0.13321810266283302,Baixo
1619,51619,45,Centro-Oeste,106,147.16,3,55.23,8,7,1,41.42,3,1,0,3,0.1330199442714508,Baixo
173,50173,30,Centro-Oeste,26,861.48,5,14.41,9,7,1,21.31,3,1,5,3,0.13278684825229972,Baixo
1503,51503,42,Nordeste,32,398.1,2,38.72,1,8,1,65.16,2,0,5,2,0.13182279983341755,Baixo
1122,51122,22,Sudeste,73,115.89,4,14.7,3,4,0,40.09,3,3,3,4,0.1313188260197022,Baixo
1017,51017,40,Nordeste,90,445.11,4,67.03,8,8,1,27.71,3,0,7,2,0.13086693669892646,Baixo
2249,52249,46,Sul,100,334.05,3,8.24,1,6,0,51.93,1,2,6,3,0.13074858878922438,Baixo
2039,52039,63,Sul,85,708.67,6,57.14,6,6,1,53.31,3,0,7,2,0.13044641002238055,Baixo
688,50688,53,Norte,76,320.04,1,22.74,9,13,0,41.78,1,2,11,2,0.13027852227400608,Baixo
1939,51939,53,Sudeste,92,336.21,1,6.81,8,8,2,33.88,2,0,1,2,0.13022639445905992,Baixo
1285,51285,67,Norte,41,419.18,4,69.44,5,2,0,27.62,3,1,3,4,0.12967734342681322,Baixo
1660,51660,56,Sul,104,1133.5,4,9.7,7,4,0,34.82,3,2,1,5,0.12934577815249754,Baixo
2252,52252,30,Norte,108,672.26,6,1.12,8,9,0,64.07,3,1,7,3,0.1285968844471983,Baixo
2135,52135,28,Centro-Oeste,99,1095.19,5,43.47,11,9,0,70.01,2,3,8,3,0.12717361427191975,Baixo
1873,51873,63,Sudeste,94,561.21,1,4.34,9,8,0,39.86,1,2,3,4,0.1265567717567322,Baixo
1489,51489,45,Norte,100,634.33,1,7.76,4,13,1,43.16,3,0,11,1,0.12652798946265456,Baixo
1312,51312,51,Sudeste,118,264.11,2,32.84,8,2,1,57.2,2,0,0,3,0.12643393822859159,Baixo
5,50005,56,Norte,50,253.06,1,29.37,11,13,1,39.32,1,1,0,3,0.12613147225371227,Baixo
2281,52281,42,Sul,57,327.87,4,3.25,8,14,0,39.05,1,2,7,3,0.12583788667528467,Baixo
2446,52446,28,Norte,9,87.62,4,3.25,11,8,1,21.55,3,0,2,3,0.12531565499984695,Baixo
998,50998,61,Sudeste,66,516.25,5,2.78,2,14,2,46.83,3,0,6,1,0.12527087828021063,Baixo
2424,52424,45,Sul,78,58.07,5,43.23,4,10,0,31.97,3,0,11,2,0.12444511197812406,Baixo
2490,52490,50,Nordeste,118,151.89,5,3.69,3,7,1,41.43,1,0,9,1,0.12410887968803647,Baixo
356,50356,44,Sudeste,78,320.42,4,15.74,11,6,2,35.84,2,0,1,2,0.1232055760239872,Baixo
2181,52181,59,Nordeste,31,587.11,5,7.26,8,6,2,21.01,1,0,2,2,0.1220747252490241,Baixo
1409,51409,22,Sudeste,34,199.75,2,17.43,3,9,1,46.04,3,0,6,2,0.12200238862443728,Baixo
1837,51837,41,Norte,9,208.1,4,18.86,6,3,1,52.7,2,0,5,2,0.12154895343769688,Baixo
590,50590,57,Nordeste,116,149.04,3,5.27,10,11,0,24.78,2,0,11,2,0.12088692238352786,Baixo
423,50423,48,Centro-Oeste,36,581.52,2,12.67,3,12,0,36.44,2,1,7,3,0.1207511319775403,Baixo
775,50775,19,Sul,64,141.67,3,8.17,7,4,1,22.43,3,1,7,2,0.12065067177703663,Baixo
993,50993,67,Sul,78,484.34,1,25.45,4,6,1,36.47,3,2,2,3,0.12044364774507524,Baixo
177,50177,25,Sudeste,62,326.42,6,2.51,3,2,0,25.13,3,2,9,3,0.12032708407673218,Baixo
1172,51172,65,Sudeste,81,212.06,2,20.22,4,14,1,23.25,2,1,6,2,0.12020850233782547,Baixo
803,50803,64,Sul,35,656.35,4,15.18,10,9,1,38.8,2,2,3,3,0.11976298003282125,Baixo
2037,52037,39,Sul,58,233.82,3,9.16,8,3,1,56.32,3,2,1,3,0.11866107449488342,Baixo
2093,52093,20,Centro-Oeste,44,352.13,1,98.54,3,3,2,21.14,3,0,0,2,0.11822803334617121,Baixo
2276,52276,21,Sudeste,53,86.61,3,24.56,6,2,1,37.32,3,0,11,1,0.11680499943069285,Baixo
496,50496,53,Sul,64,336.22,1,12.01,6,6,0,57.32,1,0,10,2,0.1164885421984666,Baixo
843,50843,24,Nordeste,82,446.12,1,2.7,3,6,1,45.03,3,1,1,3,0.11640754671052676,Baixo
1102,51102,41,Centro-Oeste,35,281.81,2,2.39,2,12,0,40.03,3,1,6,3,0.11628250239300793,Baixo
785,50785,50,Sudeste,92,906.45,2,46.45,6,6,1,41.37,3,1,3,3,0.11527934021114257,Baixo
109,50109,56,Sudeste,74,677.47,3,46.8,11,10,1,43.38,2,1,2,3,0.11525199313068642,Baixo
1740,51740,38,Norte,11,431.19,6,4.15,2,8,2,29.1,1,0,0,2,0.11424851261268376,Baixo
1199,51199,49,Sul,53,1009.83,3,8.92,5,4,2,55.15,3,0,7,1,0.11352083265601398,Baixo
283,50283,35,Norte,48,61.87,2,41.19,11,9,0,50.35,1,1,9,2,0.11325186546399481,Baixo
294,50294,42,Sudeste,57,427.33,3,19.31,9,3,1,47.92,1,1,1,3,0.11322803484751427,Baixo
224,50224,22,Sul,103,264.51,2,9.21,7,9,0,55.29,1,3,5,3,0.11162373321104205,Baixo
187,50187,42,Norte,64,225.87,4,12.11,9,4,1,21.53,3,0,1,3,0.11132698108797115,Baixo
1183,51183,55,Norte,4,714.48,4,29.19,1,7,1,70.64,2,1,0,3,0.11059303954844439,Baixo
1502,51502,25,Norte,34,372.06,2,1.21,10,11,1,35.07,1,0,10,1,0.11012491714342505,Baixo
573,50573,67,Nordeste,40,201.55,4,7.05,11,7,1,34.9,1,0,0,3,0.11008180747270575,Baixo
2072,52072,48,Sudeste,77,451.14,3,26.16,6,13,1,45.59,1,1,5,2,0.11004626893556863,Baixo
421,50421,65,Norte,20,90.67,5,10.92,4,11,0,39.18,3,3,1,4,0.11003290921275632,Baixo
434,50434,34,Norte,26,450.67,3,32.51,6,11,0,35.8,2,0,11,2,0.1095792040166895,Baixo
1790,51790,51,Norte,78,119.92,4,14.06,5,12,0,22.23,1,2,5,3,0.1092092840688107,Baixo
166,50166,24,Nordeste,94,503.92,4,42.32,9,14,2,42.51,2,0,4,1,0.10863781046336839,Baixo
1676,51676,51,Centro-Oeste,67,1004.9,4,29.24,11,13,2,25.07,3,0,2,2,0.10782281902703784,Baixo
1658,51658,35,Sudeste,1,509.15,4,43.33,3,7,0,13.4,2,2,4,4,0.10781405897557941,Baixo
889,50889,29,Sul,58,525.95,5,9.27,6,11,0,47.18,1,1,1,4,0.10724368923170899,Baixo
1311,51311,21,Sul,11,469.05,1,15.06,2,4,1,55.83,1,1,0,3,0.10717406167036587,Baixo
1597,51597,69,Sudeste,18,509.8,6,39.45,9,8,0,37.35,2,2,3,4,0.10706313130292,Baixo
1240,51240,20,Nordeste,95,528.58,5,64.36,8,12,1,45.03,1,0,4,2,0.10600823358755927,Baixo
1483,51483,40,Nordeste,26,211.81,3,6.76,8,8,1,26.44,3,0,6,2,0.10579571582218417,Baixo
319,50319,35,Norte,107,27.57,1,44.05,11,14,1,26.09,2,0,3,2,0.10564452373714159,Baixo
2294,52294,53,Sul,61,815.37,4,8.04,3,12,1,45.49,2,0,11,1,0.10537556937483311,Baixo
642,50642,49,Norte,78,829.68,3,29.03,8,13,2,47.23,1,0,4,1,0.10537085624596866,Baixo
2187,52187,64,Centro-Oeste,114,183.02,2,5.66,1,8,0,43.89,1,1,8,2,0.10523720656655709,Baixo
1645,51645,35,Centro-Oeste,49,732.67,1,105.6,8,11,0,20.81,3,4,3,4,0.10522827444819635,Baixo
672,50672,52,Nordeste,106,542.7,1,8.22,7,5,1,39.87,2,0,5,2,0.10386081253234473,Baixo
2404,52404,36,Norte,65,294.43,6,49.91,8,6,2,35.0,1,0,3,1,0.10338452924514564,Baixo
1456,51456,63,Sul,113,288.19,6,25.26,10,13,0,34.68,3,2,6,3,0.10338075951741693,Baixo
990,50990,60,Nordeste,23,163.57,1,54.73,2,2,1,38.28,3,2,0,3,0.10335110100130877,Baixo
1829,51829,65,Sudeste,9,233.43,1,31.45,10,13,1,44.21,1,2,0,3,0.10333310434901603,Baixo
44,50044,52,Sudeste,14,477.19,4,15.71,3,4,0,53.94,3,1,2,4,0.10269561602489385,Baixo
1233,51233,34,Sul,88,657.32,2,8.93,8,8,1,48.25,3,1,1,3,0.10204657106490984,Baixo
71,50071,57,Sudeste,95,383.08,1,1.36,5,2,1,31.84,1,0,5,2,0.10198958897292884,Baixo
1708,51708,37,Norte,92,658.08,4,146.48,11,5,1,24.71,1,2,0,3,0.1019829627348959,Baixo
1461,51461,23,Nordeste,66,302.48,1,40.62,11,6,1,43.64,3,1,0,3,0.10162426676767114,Baixo
124,50124,23,Norte,102,693.16,3,26.12,5,10,1,45.57,3,1,0,3,0.10057570355573255,Baixo
2218,52218,68,Centro-Oeste,35,272.27,2,45.75,1,2,2,44.38,1,0,2,1,0.10049019317349957,Baixo
2494,52494,52,Nordeste,12,73.61,2,16.07,7,12,0,36.42,2,1,5,3,0.10032844628833196,Baixo
2391,52391,24,Nordeste,87,209.78,5,15.98,6,14,0,35.3,2,2,5,3,0.1002753191144566,Baixo
1130,51130,65,Sul,83,397.15,5,6.08,11,7,1,39.49,2,0,5,2,0.1000307890382199,Baixo
141,50141,25,Sul,56,242.39,6,11.38,10,11,1,30.44,2,0,0,3,0.09937305216686224,Baixo
1271,51271,19,Norte,43,97.04,4,2.59,2,12,2,43.71,2,0,2,1,0.0992661499227895,Baixo
578,50578,60,Sul,74,511.22,6,12.99,11,8,1,47.68,2,0,10,1,0.09923278336474742,Baixo
1926,51926,29,Nordeste,113,688.33,1,46.3,4,8,0,44.52,2,0,5,3,0.09836802038469337,Baixo
1148,51148,58,Sul,45,575.72,4,104.89,3,14,0,37.47,3,2,11,2,0.09818238577191239,Baixo
1238,51238,41,Nordeste,46,860.86,6,41.13,5,3,1,16.81,1,0,7,2,0.09782943337145397,Baixo
2366,52366,56,Nordeste,63,927.18,1,20.25,4,12,1,41.54,2,1,6,2,0.09778453524019197,Baixo
391,50391,18,Nordeste,109,969.8,5,0.36,10,14,1,43.69,3,2,2,3,0.0974379921492037,Baixo
2118,52118,58,Sul,97,522.59,2,1.4,10,9,1,27.01,1,0,10,1,0.09729659664756392,Baixo
2141,52141,26,Centro-Oeste,58,1775.08,2,39.88,5,11,1,43.62,1,1,3,3,0.09712764194763007,Baixo
1268,51268,47,Centro-Oeste,15,421.96,5,119.39,1,4,1,59.63,1,0,2,2,0.09702530429458876,Baixo
1230,51230,62,Centro-Oeste,117,1360.73,1,7.89,11,10,1,27.89,3,1,8,2,0.09609534664213529,Baixo
2082,52082,44,Norte,72,843.31,2,14.23,8,12,0,35.35,1,1,6,3,0.09559412944507274,Baixo
1219,51219,44,Sudeste,113,537.11,2,7.91,8,12,2,48.0,3,0,4,1,0.09554995196936529,Baixo
576,50576,52,Nordeste,70,70.01,1,29.14,11,12,0,44.01,2,2,4,3,0.09548775076305656,Baixo
746,50746,63,Sudeste,66,347.38,6,103.33,10,12,1,37.57,3,2,0,3,0.0944760878515537,Baixo
2066,52066,40,Nordeste,68,659.68,6,10.37,3,4,0,38.28,3,2,7,3,0.09335727890015147,Baixo
670,50670,23,Sul,92,347.47,1,67.31,4,5,1,54.28,3,0,3,2,0.09330403852839524,Baixo
198,50198,53,Centro-Oeste,39,604.77,2,44.27,2,10,0,21.04,2,2,6,3,0.09275079562442663,Baixo
1405,51405,65,Nordeste,104,68.2,6,197.6,3,7,1,26.64,3,1,2,2,0.09252319860642533,Baixo
2190,52190,61,Nordeste,101,669.42,6,3.74,7,7,1,56.54,3,2,0,3,0.09128078658605937,Baixo
1326,51326,46,Norte,72,287.21,3,17.12,7,12,1,32.45,1,1,3,2,0.09120100918525967,Baixo
530,50530,33,Sudeste,55,569.36,2,1.09,9,7,1,21.15,1,0,11,1,0.09104531482120738,Baixo
12,50012,67,Norte,81,509.48,2,10.42,1,11,1,46.92,2,1,3,2,0.09033638627645231,Baixo
533,50533,50,Centro-Oeste,26,267.78,2,12.37,4,3,0,31.34,2,2,5,3,0.08981697069641414,Baixo
1252,51252,37,Norte,22,190.65,1,26.6,10,2,0,29.47,2,1,5,3,0.08957379077208384,Baixo
677,50677,47,Norte,80,681.46,6,9.48,5,2,1,67.06,3,1,4,2,0.08954310864184833,Baixo
564,50564,25,Norte,39,1013.75,1,47.75,10,8,2,14.48,1,1,1,2,0.08894033703985305,Baixo
53,50053,52,Sul,49,1220.13,4,8.98,8,2,1,47.14,1,1,2,3,0.08848128689073187,Baixo
1280,51280,63,Norte,34,351.85,4,93.53,9,8,0,26.69,3,1,10,2,0.08807875273205916,Baixo
567,50567,47,Nordeste,18,463.71,3,9.89,4,5,0,17.21,3,1,7,3,0.08692840033594043,Baixo
951,50951,49,Sul,80,886.39,6,47.78,4,3,1,13.6,1,0,6,2,0.08586274483689339,Baixo
875,50875,53,Sul,18,96.58,2,51.15,9,11,0,66.26,3,1,8,2,0.08582868703203028,Baixo
1997,51997,41,Centro-Oeste,59,587.06,5,18.96,2,11,2,62.51,1,0,1,1,0.0855386967484888,Baixo
342,50342,53,Sul,51,660.23,2,6.6,11,6,1,21.48,3,2,2,3,0.08460178580674023,Baixo
983,50983,57,Norte,24,96.86,2,16.05,2,10,1,7.14,1,0,3,2,0.08449490862372011,Baixo
232,50232,27,Sul,2,487.38,2,5.31,2,2,1,44.65,2,2,0,3,0.08387497983371922,Baixo
1146,51146,42,Sudeste,1,698.97,4,77.98,9,13,0,41.1,2,1,11,2,0.0819274249260815,Baixo
1971,51971,31,Norte,4,885.1,6,11.54,1,8,2,55.21,3,0,4,1,0.0818612224459371,Baixo
680,50680,59,Nordeste,78,306.19,2,5.94,4,8,0,42.73,1,1,3,3,0.0813092023609457,Baixo
35,50035,25,Nordeste,16,366.75,4,65.08,8,11,1,22.0,3,2,0,3,0.08019066503771939,Baixo
1633,51633,43,Centro-Oeste,51,402.62,5,1.3,1,7,0,64.08,1,1,7,2,0.08003362118803702,Baixo
366,50366,67,Sudeste,87,713.9,3,77.99,3,6,0,44.64,3,1,10,2,0.07972790133074133,Baixo
1632,51632,43,Centro-Oeste,50,247.16,5,5.22,7,6,2,20.08,3,0,3,1,0.07923142346320744,Baixo
2067,52067,57,Centro-Oeste,39,994.43,4,2.77,2,13,1,23.66,1,1,0,3,0.07841928853261709,Baixo
2415,52415,43,Nordeste,19,331.52,6,21.83,1,3,1,18.32,1,1,4,2,0.07790919756767943,Baixo
1242,51242,56,Norte,59,349.58,4,55.15,4,7,0,11.21,3,2,5,3,0.0778303847140082,Baixo
708,50708,64,Sudeste,38,254.94,5,13.7,11,8,0,23.12,1,1,10,2,0.07781848096010706,Baixo
1951,51951,69,Nordeste,26,809.46,4,11.19,6,12,1,25.73,3,1,6,2,0.07770112630172345,Baixo
524,50524,31,Sudeste,95,817.01,2,30.9,6,3,0,49.14,3,2,1,4,0.07750432559625181,Baixo
1317,51317,31,Sudeste,29,146.7,1,11.31,11,11,0,42.13,3,3,5,3,0.07733186084592165,Baixo
1664,51664,67,Norte,85,638.29,2,31.65,10,6,1,47.35,2,1,3,2,0.07713992724586473,Baixo
2098,52098,48,Centro-Oeste,90,417.17,2,17.56,1,4,2,39.14,2,0,1,1,0.07651806634904416,Baixo
1365,51365,68,Centro-Oeste,88,120.15,2,0.52,8,14,1,62.59,3,0,5,1,0.07504771523095587,Baixo
1621,51621,57,Sul,15,155.46,3,12.52,10,7,1,44.49,3,0,3,2,0.07479055140679912,Baixo
1882,51882,59,Sudeste,48,572.01,6,14.77,1,10,1,32.66,2,0,9,1,0.07474008077477456,Baixo
130,50130,58,Sul,108,416.01,3,14.85,6,14,1,30.09,1,0,7,1,0.07455268255174942,Baixo
1953,51953,38,Sul,113,329.93,4,3.31,7,7,0,38.85,3,2,9,2,0.07415689934146588,Baixo
2176,52176,67,Norte,104,213.17,1,27.89,1,6,0,54.09,3,0,6,2,0.07408096855817943,Baixo
641,50641,38,Nordeste,19,258.63,4,23.2,10,12,0,37.57,2,2,9,2,0.07363589383976536,Baixo
2319,52319,63,Centro-Oeste,87,157.43,2,13.09,10,11,0,47.54,1,1,1,3,0.07278790474506443,Baixo
876,50876,22,Centro-Oeste,86,402.14,4,44.12,9,6,1,44.86,1,0,1,2,0.07203355826887116,Baixo
365,50365,32,Sudeste,83,129.27,3,34.51,2,6,1,59.01,1,0,5,1,0.07122885874885389,Baixo
1349,51349,43,Centro-Oeste,49,557.88,6,20.48,11,12,1,38.91,2,1,3,2,0.07115751450273307,Baixo
880,50880,34,Sul,97,663.74,4,4.52,7,4,1,35.45,3,0,4,2,0.06983104638180124,Baixo
681,50681,47,Centro-Oeste,104,361.85,5,5.75,6,7,1,35.43,3,1,2,2,0.06824894188037234,Baixo
2475,52475,63,Norte,90,1208.05,6,23.0,4,12,1,30.72,3,1,5,2,0.06803051673031371,Baixo
1361,51361,43,Centro-Oeste,37,225.62,2,47.2,2,13,0,36.32,1,1,6,2,0.06787971938102429,Baixo
1796,51796,65,Centro-Oeste,43,429.95,1,4.96,8,8,1,52.38,1,1,1,2,0.0672747114291362,Baixo
772,50772,64,Norte,69,550.17,4,34.27,9,12,0,45.49,1,1,7,2,0.0663255624715752,Baixo
459,50459,49,Centro-Oeste,117,128.64,1,2.96,6,7,0,45.96,1,1,0,3,0.06594651005806197,Baixo
122,50122,63,Sul,111,686.74,5,0.49,3,3,1,42.24,3,0,3,2,0.06580314049742594,Baixo
1478,51478,27,Sul,52,53.36,1,28.02,5,10,1,43.76,3,1,1,2,0.06525965679166867,Baixo
1385,51385,26,Norte,17,273.42,3,26.7,2,7,1,41.2,2,0,6,1,0.06517278270623285,Baixo
2374,52374,41,Sudeste,13,512.99,3,12.4,9,13,1,57.34,1,0,2,2,0.06516161744724992,Baixo
1641,51641,69,Nordeste,70,893.62,2,2.97,8,4,1,51.42,1,1,3,2,0.06488275621726441,Baixo
2143,52143,26,Norte,61,1164.08,1,12.96,8,7,0,42.24,2,2,10,2,0.06132017594712033,Baixo
484,50484,37,Norte,42,133.12,5,17.22,10,3,0,47.17,1,1,1,3,0.061219338806166174,Baixo
1303,51303,55,Nordeste,33,402.01,4,40.75,1,3,0,21.99,3,2,4,3,0.06121723960146841,Baixo
1543,51543,23,Centro-Oeste,40,307.57,5,13.19,5,12,0,54.67,1,3,1,3,0.061084002131896395,Baixo
1389,51389,28,Sul,46,489.61,1,17.65,10,14,1,30.82,3,1,3,2,0.060523406847323775,Baixo
1425,51425,52,Sudeste,29,661.76,1,18.87,11,13,0,60.04,1,2,3,3,0.06040489285363816,Baixo
1792,51792,31,Sudeste,70,220.47,5,5.68,5,13,1,50.32,1,0,0,2,0.05986782462128711,Baixo
1902,51902,60,Norte,113,511.9,5,33.07,2,2,1,32.63,2,1,1,2,0.059040307574564195,Baixo
1147,51147,33,Norte,71,471.22,2,52.51,4,11,1,31.94,3,0,1,2,0.05899409133753769,Baixo
985,50985,43,Centro-Oeste,61,258.17,3,3.17,4,6,0,42.37,2,1,11,1,0.05899344315234232,Baixo
1210,51210,48,Centro-Oeste,113,592.69,4,38.79,9,4,0,37.25,2,1,2,3,0.05883099361913382,Baixo
190,50190,23,Sudeste,24,562.41,2,5.44,5,3,0,29.47,1,1,9,2,0.05847815881156486,Baixo
1779,51779,57,Norte,57,700.61,1,5.55,3,7,0,14.32,2,2,9,2,0.05789735466766018,Baixo
1761,51761,41,Norte,27,174.36,6,8.07,1,7,1,24.65,2,1,1,2,0.057517019261641766,Baixo
361,50361,52,Norte,17,140.96,3,6.84,6,13,1,25.31,3,0,6,1,0.05736304729465327,Baixo
1181,51181,68,Norte,88,134.8,3,19.03,3,6,1,51.21,1,0,3,1,0.057254908418909976,Baixo
2306,52306,50,Norte,20,375.96,5,1.03,7,11,1,28.12,1,0,6,1,0.05658594927057316,Baixo
1028,51028,34,Norte,8,75.6,1,72.81,8,8,1,37.31,1,0,4,1,0.05626267425931064,Baixo
2096,52096,60,Nordeste,10,142.25,3,5.39,9,13,0,38.35,3,1,2,3,0.055849255368153855,Baixo
2264,52264,67,Centro-Oeste,111,890.41,5,22.59,4,4,1,26.86,2,0,2,2,0.05564480339690776,Baixo
2229,52229,45,Sul,113,511.39,6,22.93,2,10,0,30.45,3,0,7,2,0.054984769993658804,Baixo
2114,52114,43,Centro-Oeste,83,1079.8,5,3.03,2,4,1,22.26,1,1,3,2,0.05436091712110399,Baixo
1003,51003,30,Norte,13,228.76,3,26.71,7,5,0,44.83,2,1,6,2,0.05430764697139275,Baixo
778,50778,42,Centro-Oeste,113,550.88,5,1.45,2,13,0,23.52,1,1,11,1,0.05415782662415705,Baixo
2180,52180,69,Nordeste,92,914.11,2,27.15,2,12,1,36.21,3,0,7,1,0.05415266556502279,Baixo
1538,51538,42,Sul,102,908.39,4,26.94,9,4,1,44.67,1,1,2,2,0.053991436826500906,Baixo
1446,51446,48,Sudeste,47,245.86,2,13.17,5,9,0,21.03,1,1,2,3,0.053318265998407666,Baixo
2486,52486,66,Nordeste,86,379.89,5,0.12,4,14,0,47.8,1,1,10,1,0.052901166160895394,Baixo
549,50549,65,Sul,42,325.39,2,23.91,4,4,0,31.52,1,0,11,1,0.05200378571466141,Baixo
950,50950,20,Sudeste,97,225.35,6,39.43,3,10,1,20.51,1,0,0,2,0.05189874090312763,Baixo
541,50541,67,Centro-Oeste,43,874.09,3,4.7,7,2,0,30.5,1,1,8,2,0.05152801241108829,Baixo
82,50082,36,Norte,53,617.4,1,24.0,11,12,0,47.57,3,2,2,3,0.051104587339895015,Baixo
352,50352,48,Nordeste,20,588.82,3,207.47,10,10,1,49.12,3,1,0,2,0.0508138985132953,Baixo
495,50495,36,Sul,74,347.39,4,69.59,10,14,1,50.03,2,0,4,1,0.05051008436766943,Baixo
1367,51367,50,Sudeste,49,266.59,2,18.44,9,6,0,34.51,2,2,2,3,0.049428194332314865,Baixo
218,50218,32,Centro-Oeste,31,208.36,4,15.1,5,4,0,45.32,2,1,10,1,0.049265584565882876,Baixo
1734,51734,26,Sudeste,98,322.05,5,40.78,10,7,0,24.8,3,0,2,3,0.049195873931990534,Baixo
2440,52440,33,Centro-Oeste,88,1541.74,3,30.64,6,3,0,31.42,1,0,9,2,0.049068000513992044,Baixo
1903,51903,37,Sudeste,100,588.29,3,2.18,9,2,1,43.77,1,1,1,2,0.04897994543031732,Baixo
2441,52441,68,Sul,107,364.49,6,20.0,11,13,0,24.52,2,0,11,1,0.04866966897837482,Baixo
2500,52500,35,Nordeste,109,420.94,1,16.51,4,11,1,34.16,3,1,0,2,0.04822471129203341,Baixo
296,50296,67,Sudeste,86,480.97,4,4.51,8,13,0,11.72,2,2,3,3,0.04785079036562133,Baixo
235,50235,20,Sudeste,115,273.11,4,29.58,2,14,0,44.43,1,1,4,2,0.04730231965744997,Baixo
1432,51432,58,Centro-Oeste,26,414.43,2,35.55,6,11,0,32.31,1,1,10,1,0.04660469171556556,Baixo
748,50748,56,Nordeste,74,475.08,3,7.77,11,7,1,19.23,2,0,1,2,0.045553185384344844,Baixo
155,50155,62,Nordeste,54,672.01,6,21.47,1,4,1,27.38,2,0,1,2,0.045391632225328785,Baixo
1993,51993,28,Nordeste,32,1461.91,6,23.92,11,13,1,54.99,2,0,8,1,0.045020487083216446,Baixo
273,50273,41,Centro-Oeste,87,145.53,2,20.66,3,7,0,67.84,2,1,2,2,0.04461793361486653,Baixo
1237,51237,33,Sudeste,8,400.55,6,57.85,7,14,1,28.47,3,0,1,2,0.04408627775728938,Baixo
535,50535,68,Centro-Oeste,102,626.65,5,0.66,1,5,1,23.72,3,0,0,2,0.042551064678619556,Baixo
1108,51108,64,Sudeste,87,736.79,3,29.54,2,12,2,19.19,2,0,0,1,0.04184564024835053,Baixo
2297,52297,55,Centro-Oeste,69,279.97,2,27.58,5,3,1,25.79,1,0,3,1,0.04166259360546079,Baixo
2010,52010,60,Nordeste,2,1257.6,4,19.62,9,7,1,25.23,3,0,4,2,0.04148184383922444,Baixo
359,50359,46,Sul,34,212.21,2,4.0,8,7,1,21.95,2,1,0,2,0.041243168416515964,Baixo
1314,51314,55,Sul,2,792.28,4,41.14,4,8,0,50.3,3,2,2,3,0.04123319143940314,Baixo
949,50949,65,Sul,91,157.35,4,49.86,6,14,0,72.45,3,1,7,1,0.04071175190974076,Baixo
1491,51491,52,Sudeste,59,383.99,2,11.63,4,9,1,49.46,3,0,4,1,0.0402785342162782,Baixo
1029,51029,68,Nordeste,41,1292.5,3,86.22,5,12,0,30.42,3,1,8,2,0.039678523424212804,Baixo
492,50492,67,Sul,30,201.89,1,28.45,4,7,0,26.2,3,1,10,1,0.03863866569228002,Baixo
545,50545,48,Sul,66,399.94,3,12.48,7,4,0,32.3,1,2,0,3,0.03841025223441709,Baixo
324,50324,65,Sul,70,150.48,4,54.59,5,12,0,50.12,1,1,2,2,0.03829398443110658,Baixo
511,50511,44,Centro-Oeste,17,317.4,2,34.87,2,14,0,34.84,1,1,8,1,0.03813202709589183,Baixo
645,50645,50,Centro-Oeste,15,512.44,3,80.42,5,3,0,23.19,2,1,0,3,0.03750314074831627,Baixo
117,50117,28,Centro-Oeste,38,60.96,2,95.06,4,9,0,30.19,2,0,7,1,0.03746974355849382,Baixo
2099,52099,18,Sudeste,51,113.92,3,48.81,9,7,0,42.36,1,1,8,1,0.035378718528340646,Baixo
1964,51964,41,Nordeste,84,395.57,4,28.52,8,10,0,35.2,2,2,4,2,0.03485136322726634,Baixo
676,50676,41,Sul,77,471.91,6,67.89,5,13,0,42.32,1,2,3,2,0.03423544637260089,Baixo
931,50931,63,Sudeste,79,908.95,4,43.43,4,12,0,28.28,1,0,5,2,0.03341633888549802,Baixo
1867,51867,24,Sul,96,1086.46,4,17.79,3,2,1,27.11,1,0,0,2,0.03299851771718323,Baixo
353,50353,34,Centro-Oeste,81,402.73,2,43.73,10,3,0,26.84,2,0,8,1,0.031754204865254605,Baixo
2029,52029,22,Norte,75,245.36,6,12.06,10,12,0,39.07,2,0,7,1,0.031207401302971928,Baixo
1527,51527,25,Norte,56,312.04,3,9.09,6,7,0,12.04,3,0,4,2,0.030841425846390606,Baixo
770,50770,27,Centro-Oeste,30,284.43,2,44.76,7,7,1,32.46,3,0,2,1,0.030769604498259634,Baixo
1851,51851,35,Sul,61,294.32,2,3.52,3,8,0,42.34,3,1,8,1,0.030657482784466564,Baixo
1831,51831,56,Sul,36,133.98,1,52.6,11,12,0,55.25,2,0,6,1,0.029870756910071957,Baixo
1954,51954,38,Sul,112,190.64,4,105.31,3,4,0,41.36,3,0,6,1,0.02982995092080268,Baixo
606,50606,48,Sudeste,13,522.52,5,22.67,10,4,1,23.65,3,0,0,2,0.02946061365935936,Baixo
1430,51430,32,Sudeste,16,868.25,1,4.04,11,8,1,37.17,2,0,0,2,0.029386623332846577,Baixo
2112,52112,32,Sudeste,71,315.43,2,5.95,11,8,0,48.75,3,0,8,1,0.029134547675294532,Baixo
1016,51016,36,Centro-Oeste,3,96.22,3,40.83,3,10,0,24.75,3,0,7,1,0.028821511309523908,Baixo
2194,52194,18,Sul,16,212.56,1,17.78,7,9,1,60.49,1,0,0,1,0.02824460777827612,Baixo
358,50358,34,Centro-Oeste,20,587.17,3,58.73,7,9,0,36.98,3,0,8,1,0.028176987429250434,Baixo
111,50111,24,Nordeste,28,1328.4,1,6.51,5,7,0,38.42,2,0,6,2,0.028048988229304697,Baixo
886,50886,58,Sul,84,286.78,6,27.59,3,2,0,54.45,2,0,6,1,0.02783472922793596,Baixo
2071,52071,58,Nordeste,108,869.29,2,52.08,7,14,0,52.17,3,2,3,2,0.027596915778491347,Baixo
656,50656,27,Norte,37,413.75,1,17.77,9,6,1,57.11,3,0,1,1,0.02745413967087261,Baixo
2136,52136,31,Centro-Oeste,116,39.87,2,58.17,7,5,0,30.57,3,0,5,1,0.02640496234200191,Baixo
1739,51739,28,Sudeste,82,110.02,1,14.27,10,3,1,25.66,1,0,1,1,0.02625960506849779,Baixo
1380,51380,66,Nordeste,57,74.87,2,23.68,8,10,0,34.17,3,0,6,1,0.02532648692983238,Baixo
1094,51094,47,Norte,22,293.76,2,23.4,7,4,0,39.26,3,1,2,2,0.025158706299312262,Baixo
1364,51364,24,Centro-Oeste,35,68.85,1,140.73,9,13,0,43.23,3,0,4,1,0.024787971048378377,Baixo
383,50383,31,Norte,14,396.86,5,21.37,10,8,1,28.29,3,0,2,1,0.024570255861318346,Baixo
306,50306,50,Norte,17,366.89,2,59.58,4,8,0,46.5,3,1,6,1,0.024245027960333725,Baixo
674,50674,40,Centro-Oeste,71,560.25,2,57.77,7,7,0,43.84,3,0,6,1,0.023844575123167008,Baixo
1858,51858,30,Nordeste,67,234.08,4,15.28,3,3,0,43.87,1,0,0,2,0.02383082793589572,Baixo
2060,52060,23,Sul,19,678.17,1,0.35,4,13,1,32.05,2,0,2,1,0.02326608777957125,Baixo
285,50285,62,Sul,96,228.39,5,101.98,3,6,0,34.7,1,0,9,0,0.022912793987690597,Baixo
2053,52053,32,Centro-Oeste,77,421.44,1,4.7,10,13,0,39.67,1,1,5,1,0.022459193901600265,Baixo
571,50571,21,Sul,94,376.56,4,32.82,9,12,0,25.85,2,0,11,0,0.022071010203776095,Baixo
1145,51145,61,Sul,66,225.29,6,24.51,2,5,0,40.58,2,0,0,2,0.021951480520407005,Baixo
1462,51462,28,Sul,21,644.59,5,48.61,7,9,0,22.86,2,1,8,1,0.02164972426797428,Baixo
1533,51533,29,Sudeste,76,679.11,1,10.05,5,11,1,44.97,1,0,0,1,0.020582820297840747,Baixo
1551,51551,19,Nordeste,73,534.5,4,2.36,11,13,0,44.0,3,0,11,0,0.020038717561793762,Baixo
1875,51875,51,Sudeste,5,229.87,2,103.25,7,5,0,50.33,3,0,0,2,0.020008878499326636,Baixo
1001,51001,40,Norte,61,308.68,5,20.69,1,8,0,36.98,2,0,4,1,0.019512472814516343,Baixo
913,50913,54,Sudeste,67,83.33,2,3.26,4,11,0,49.72,3,0,9,0,0.01943565431917503,Baixo
953,50953,43,Nordeste,74,453.38,3,4.43,11,3,1,34.97,2,0,0,1,0.019122526232746753,Baixo
2347,52347,21,Centro-Oeste,114,386.8,2,35.69,1,10,0,28.99,1,0,8,0,0.01903939749736942,Baixo
389,50389,51,Sudeste,46,432.25,3,23.32,7,13,0,58.99,1,1,4,1,0.01819266974060511,Baixo
2364,52364,30,Nordeste,23,728.83,1,47.62,10,4,0,46.28,1,2,1,2,0.01812516921237224,Baixo
2381,52381,61,Norte,68,800.1,6,36.41,6,8,0,32.97,3,0,11,0,0.018017096508448426,Baixo
1223,51223,50,Nordeste,108,45.74,6,22.62,8,9,0,34.54,2,0,3,1,0.0179504264909019,Baixo
79,50079,38,Sudeste,26,323.22,6,48.95,9,13,0,22.17,2,1,6,1,0.01784611997687279,Baixo
2080,52080,22,Sul,73,482.6,3,38.71,10,13,0,46.71,1,1,4,1,0.017665391397597433,Baixo
718,50718,57,Sul,6,27.01,2,83.21,1,2,0,30.99,1,0,3,1,0.01766264507369257,Baixo
2147,52147,53,Norte,111,382.79,3,13.93,9,7,0,18.55,1,0,4,1,0.017580434252335554,Baixo
1905,51905,26,Centro-Oeste,9,94.64,3,48.72,1,9,0,39.74,3,0,3,1,0.017520844632376225,Baixo
2478,52478,57,Centro-Oeste,58,102.93,5,21.66,11,14,0,45.55,3,1,3,1,0.0171323913473259,Baixo
1128,51128,45,Sul,27,700.58,6,57.29,1,13,0,6.77,3,1,2,2,0.016438331131445674,Baixo
1065,51065,49,Norte,26,395.12,6,133.66,8,5,0,40.72,2,0,8,0,0.01626986375787473,Baixo
1984,51984,31,Sul,119,882.62,2,31.67,5,12,0,30.2,3,2,1,2,0.01603124146643298,Baixo
2439,52439,36,Sudeste,116,379.49,1,10.8,4,6,0,26.24,3,2,0,2,0.015554327493668633,Baixo
1320,51320,35,Nordeste,65,295.55,5,12.3,2,9,0,32.61,3,1,4,1,0.015528090594246606,Baixo
740,50740,40,Norte,35,233.57,3,60.22,5,13,0,36.94,1,1,2,1,0.015486167747050287,Baixo
80,50080,67,Centro-Oeste,33,302.89,2,22.97,5,10,0,58.88,3,1,2,1,0.014589855025947443,Baixo
1307,51307,38,Sul,110,568.47,4,52.27,6,5,0,32.77,1,0,8,0,0.014369371515029991,Baixo
1977,51977,51,Centro-Oeste,13,625.19,3,58.46,7,8,0,38.54,1,0,3,1,0.014157271859256674,Baixo
1053,51053,42,Sudeste,22,289.0,1,41.56,6,5,0,42.19,3,1,4,1,0.01413561595540131,Baixo
1325,51325,26,Sudeste,5,1002.8,4,57.79,7,7,0,42.37,3,2,2,2,0.01405497599619516,Baixo
2107,52107,40,Nordeste,62,610.28,5,68.87,10,3,0,25.93,2,0,9,0,0.013099918022377565,Baixo
2204,52204,61,Sul,68,400.57,6,6.21,1,5,0,29.36,3,0,3,1,0.012063615120810195,Baixo
2372,52372,22,Nordeste,73,355.16,6,14.01,6,14,0,32.72,2,1,2,1,0.011658994591660234,Baixo
923,50923,54,Norte,112,1247.83,2,5.25,4,13,0,32.55,2,1,4,1,0.011588452256241572,Baixo
480,50480,44,Sul,119,289.32,5,0.59,11,11,0,65.26,2,0,5,0,0.01156088723813149,Baixo
2048,52048,21,Norte,61,314.68,3,12.26,11,6,0,31.54,3,0,2,1,0.010978885801363547,Baixo
2301,52301,22,Centro-Oeste,71,706.42,5,61.23,5,4,0,24.83,3,1,3,1,0.010799240024037244,Baixo
1836,51836,34,Centro-Oeste,80,839.76,3,84.87,2,9,0,59.14,1,1,0,1,0.01070023679930266,Baixo
888,50888,34,Norte,74,1154.76,5,77.65,8,4,0,58.9,1,1,2,1,0.010473430857135974,Baixo
1279,51279,29,Sul,111,247.62,5,12.71,7,8,0,31.22,2,1,1,1,0.01037245679221438,Baixo
2225,52225,33,Centro-Oeste,70,125.83,3,70.22,1,2,0,30.99,3,1,0,1,0.010350099193498557,Baixo
2241,52241,51,Nordeste,23,328.82,1,0.75,7,13,0,47.72,1,0,5,0,0.00996931968086126,Baixo
1329,51329,18,Sul,2,436.62,4,5.01,11,10,0,21.75,2,0,7,0,0.008358476995284558,Baixo
1261,51261,38,Norte,11,114.59,2,1.45,11,12,0,38.63,2,0,4,0,0.008219191586714001,Baixo
1603,51603,61,Nordeste,63,481.9,1,28.55,8,6,0,33.38,1,1,0,1,0.00820643347449598,Baixo
463,50463,43,Sul,113,277.63,2,29.58,4,8,0,39.39,3,0,3,0,0.0070734097820437086,Baixo
1690,51690,31,Sul,119,611.69,1,36.54,2,11,0,36.3,1,0,2,0,0.005976339834488647,Baixo
1495,51495,21,Nordeste,10,891.78,6,4.0,9,10,0,14.96,1,1,1,1,0.005541254832209565,Baixo
2058,52058,44,Centro-Oeste,9,1075.37,2,0.87,11,7,0,26.33,3,0,6,0,0.005342671940647959,Baixo
2111,52111,29,Norte,100,605.59,4,3.03,10,5,0,39.59,1,0,2,0,0.0053413533042446695,Baixo
1207,51207,37,Sudeste,61,141.37,5,48.13,11,11,0,30.74,2,0,2,0,0.005273300806858759,Baixo
23,50023,50,Sul,81,578.34,3,28.67,5,2,0,38.37,1,0,2,0,0.005102949884384421,Baixo
178,50178,31,Nordeste,62,179.36,3,5.58,10,5,0,11.8,1,0,2,0,0.004822901253798012,Baixo
1899,51899,55,Sul,22,1826.22,2,58.33,6,4,0,43.97,2,1,1,1,0.004143155873162309,Baixo
1684,51684,44,Sul,86,568.92,4,7.76,4,12,0,22.44,1,0,0,0,0.003451263348364754,Baixo
835,50835,44,Nordeste,12,1372.62,2,67.88,3,6,0,55.08,3,0,2,0,0.0031797455394619624,Baixo
1578,51578,27,Centro-Oeste,35,913.88,5,80.41,4,5,0,12.67,2,0,1,0,0.0030439645385962073,Baixo
